"","A1","B2","C3","D4","E5","F6","G7","H8","I9","J10","K11","L12","M13","N14","O15","P16","Q17","R18","S19","T20","U21","V22","W23","X24","Y25","Z26","A27","B28","C29","D30","E31","F32","G33","H34","I35","J36","K37","L38","M39","N40","O41","P42","Q43","R44","S45","T46","U47","V48","W49","X50","Y51","Z52","A53","B54","C55","D56","E57","F58","G59","H60","I61","J62","K63","L64","M65","N66","O67","P68","Q69","R70","S71"
"1","Banco Azteca","Total_Total_f","Total_Total_pct","A3_Sí (Bancarizado)_f","A3_Sí (Bancarizado)_pct","A3_No (No Bancarizado)_f","A3_No (No Bancarizado)_pct","F1Genero_Masculino_f","F1Genero_Masculino_pct","F1Genero_Femenino_f","F1Genero_Femenino_pct","NSE_C+_f","NSE_C+_pct","NSE_C_f","NSE_C_pct","NSE_C-_f","NSE_C-_pct","NSE_D+_f","NSE_D+_pct","NSE_D_f","NSE_D_pct","Edad.Rango_18 - 24 años_f","Edad.Rango_18 - 24 años_pct","Edad.Rango_25 - 34 años_f","Edad.Rango_25 - 34 años_pct","Edad.Rango_35 - 44 años_f","Edad.Rango_35 - 44 años_pct","Edad.Rango_45 - 55 años_f","Edad.Rango_45 - 55 años_pct","Plaza_Veracruz (Veracruz)_f","Plaza_Veracruz (Veracruz)_pct","Plaza_Chiapas (Ocozocoautla de espinosa)_f","Plaza_Chiapas (Ocozocoautla de espinosa)_pct","Plaza_Yucatan (Hunucma)_f","Plaza_Yucatan (Hunucma)_pct","Plaza_Ciudad de México (AMCM)_f","Plaza_Ciudad de México (AMCM)_pct","Plaza_Puebla (Tepeaca)_f","Plaza_Puebla (Tepeaca)_pct","Plaza_Jalisco (Ayotlan)_f","Plaza_Jalisco (Ayotlan)_pct","Plaza_Nuevo Leon (Monterrey)_f","Plaza_Nuevo Leon (Monterrey)_pct","Plaza_Sonora (Heroica de Caborca)_f","Plaza_Sonora (Heroica de Caborca)_pct","Plaza_Sinaloa (Angostura)_f","Plaza_Sinaloa (Angostura)_pct","cluster_1_f","cluster_1_pct","cluster_2_f","cluster_2_pct","cluster_3_f","cluster_3_pct","cluster_4_f","cluster_4_pct","cluster_5_f","cluster_5_pct","cluster_6_f","cluster_6_pct","clusterB_1_f","clusterB_1_pct","clusterB_2_f","clusterB_2_pct","clusterB_3_f","clusterB_3_pct","clusterB_4_f","clusterB_4_pct","clusterB_5_f","clusterB_5_pct","clusterB_6_f","clusterB_6_pct"
"2","LOS INTERESES SON ALTOS","136","61.3","84","58.7","52","65.8","67","58.3","69","64.5","23","51.1","38","69.1","24","64.9","22","62.9","29","58","36","65.5","39","54.9","32","59.3","29","69","4","13.3","8","36.4","12","85.7","14","48.3","13","65","24","77.4","4","44.4","38","80.9","19","95","49","73.1","11","73.3","11","73.3","15","44.1","36","65.5","14","38.9","14","42.4","44","68.8","7","33.3","7","70","8","88.9","4","66.7"
"3","NO ME DA CONFIANZA","28","12.6","20","14","8","10.1","12","10.4","16","15","8","17.8","3","5.5","5","13.5","5","14.3","7","14","6","10.9","4","5.6","9","16.7","9","21.4","10","33.3","3","13.6","0","0","2","6.9","2","10","8","25.8","2","22.2","1","2.1","0","0","7","10.4","0","0","0","0","8","23.5","7","12.7","6","16.7","6","18.2","8","12.5","6","28.6","0","0","0","0","0","0"
"4","FALTA INFORMACIÓN DEL BANCO","15","6.8","13","9.1","2","2.5","10","8.7","5","4.7","3","6.7","6","10.9","1","2.7","1","2.9","4","8","4","7.3","4","5.6","5","9.3","2","4.8","9","30","0","0","0","0","1","3.4","0","0","0","0","0","0","5","10.6","0","0","3","4.5","0","0","0","0","6","17.6","3","5.5","3","8.3","6","18.2","5","7.8","2","9.5","0","0","0","0","0","0"
"5","ME HAN DADO MALAS REFERENCIAS DEL BANCO","14","6.3","10","7","4","5.1","8","7","6","5.6","4","8.9","1","1.8","2","5.4","1","2.9","6","12","2","3.6","4","5.6","4","7.4","4","9.5","0","0","0","0","0","0","4","13.8","0","0","3","9.7","1","11.1","6","12.8","0","0","4","6","0","0","0","0","0","0","6","10.9","4","11.1","3","9.1","6","9.4","0","0","1","10","0","0","0","0"
"6","TIENE POCAS SUCURSALES/CAJEROS","7","3.2","3","2.1","4","5.1","4","3.5","3","2.8","1","2.2","0","0","1","2.7","0","0","5","10","3","5.5","1","1.4","3","5.6","0","0","4","13.3","1","4.5","0","0","0","0","1","5","1","3.2","0","0","0","0","0","0","1","1.5","0","0","0","0","2","5.9","0","0","4","11.1","0","0","1","1.6","2","9.5","0","0","0","0","0","0"
"7","MALA ATENCIÓN Y SERVICIO","9","4.1","6","4.2","3","3.8","4","3.5","5","4.7","0","0","3","5.5","3","8.1","1","2.9","2","4","4","7.3","4","5.6","0","0","1","2.4","2","6.7","1","4.5","0","0","1","3.4","3","15","1","3.2","0","0","0","0","1","5","2","3","1","6.7","2","13.3","2","5.9","1","1.8","1","2.8","1","3","2","3.1","0","0","1","10","1","11.1","1","16.7"
"8","NO SABE/NO CONTESTO","1","0.5","0","0","1","1.3","1","0.9","0","0","0","0","0","0","0","0","1","2.9","0","0","1","1.8","0","0","0","0","0","0","0","0","0","0","0","0","1","3.4","0","0","0","0","0","0","0","0","0","0","0","0","0","0","0","0","0","0","0","0","1","2.8","0","0","0","0","0","0","0","0","0","0","0","0"
"9","NO TENGO PROBLEMA, SI LO SOLICITARIA","9","4.1","3","2.1","6","7.6","3","2.6","6","5.6","0","0","3","5.5","1","2.7","3","8.6","2","4","2","3.6","7","9.9","0","0","0","0","0","0","2","9.1","1","7.1","5","17.2","0","0","0","0","0","0","0","0","1","5","4","6","2","13.3","0","0","0","0","1","1.8","2","5.6","0","0","2","3.1","0","0","0","0","0","0","1","16.7"
"10","COBRAN MUCHAS COMISIONES","2","0.9","1","0.7","1","1.3","1","0.9","1","0.9","1","2.2","0","0","0","0","0","0","1","2","0","0","2","2.8","0","0","0","0","0","0","0","0","0","0","0","0","1","5","1","3.2","0","0","0","0","0","0","1","1.5","0","0","0","0","0","0","1","1.8","0","0","0","0","1","1.6","0","0","0","0","0","0","0","0"
"11","PIDEN MUCHOS REQUISITOS","6","2.7","4","2.8","2","2.5","4","3.5","2","1.9","2","4.4","0","0","2","5.4","2","5.7","0","0","2","3.6","2","2.8","2","3.7","0","0","0","0","1","4.5","3","21.4","1","3.4","0","0","0","0","0","0","1","2.1","0","0","2","3","0","0","1","6.7","2","5.9","0","0","1","2.8","0","0","1","1.6","3","14.3","0","0","0","0","0","0"
"12","NO ME INTERESA UN CRÉDITO","5","2.3","4","2.8","1","1.3","4","3.5","1","0.9","1","2.2","1","1.8","1","2.7","0","0","2","4","2","3.6","2","2.8","1","1.9","0","0","1","3.3","2","9.1","0","0","0","0","2","10","0","0","0","0","0","0","0","0","0","0","0","0","1","6.7","1","2.9","1","1.8","2","5.6","1","3","0","0","3","14.3","0","0","0","0","0","0"
"13","NO ME GUSTA EL BANCO","5","2.3","5","3.5","0","0","4","3.5","1","0.9","2","4.4","1","1.8","1","2.7","1","2.9","0","0","0","0","2","2.8","2","3.7","1","2.4","0","0","2","9.1","0","0","1","3.4","1","5","0","0","0","0","1","2.1","0","0","2","3","0","0","0","0","0","0","3","5.5","0","0","1","3","3","4.7","0","0","1","10","0","0","0","0"
"14","NO SOY SUJETO DE CRÉDITO","0","0","0","0","0","0","0","0","0","0","0","0","0","0","0","0","0","0","0","0","0","0","0","0","0","0","0","0","0","0","0","0","0","0","0","0","0","0","0","0","0","0","0","0","0","0","0","0","0","0","0","0","0","0","0","0","0","0","0","0","0","0","0","0","0","0","0","0","0","0"
"15","NO CUBRE MIS NECESIDADES","3","1.4","3","2.1","0","0","1","0.9","2","1.9","3","6.7","0","0","0","0","0","0","0","0","0","0","3","4.2","0","0","0","0","0","0","0","0","0","0","1","3.4","1","5","1","3.2","0","0","0","0","0","0","0","0","0","0","1","6.7","0","0","2","3.6","0","0","1","3","1","1.6","0","0","0","0","1","11.1","0","0"
"16","ES UN BANCO PARA GENTE RICA","1","0.5","1","0.7","0","0","1","0.9","0","0","0","0","1","1.8","0","0","0","0","0","0","0","0","1","1.4","0","0","0","0","0","0","0","0","0","0","0","0","0","0","0","0","1","11.1","0","0","0","0","0","0","1","6.7","0","0","0","0","0","0","0","0","0","0","0","0","0","0","1","10","0","0","0","0"
"17","POR LOS PLAZOS Y FRECUENCIA DE PAGOS","6","2.7","1","0.7","5","6.3","2","1.7","4","3.7","0","0","3","5.5","1","2.7","2","5.7","0","0","1","1.8","2","2.8","1","1.9","2","4.8","1","3.3","3","13.6","0","0","0","0","0","0","0","0","1","11.1","1","2.1","0","0","2","3","1","6.7","0","0","0","0","0","0","3","8.3","0","0","0","0","0","0","0","0","1","11.1","0","0"
"18","","197","88.7","128","89.5","69","87.3","104","90.4","93","86.9","42","93.3","50","90.9","32","86.5","31","88.6","42","84","47","85.5","65","91.5","49","90.7","36","85.7","29","96.7","21","95.5","12","85.7","27","93.1","16","80","23","74.2","9","100","41","87.2","19","95","57","85.1","14","93.3","14","93.3","32","94.1","49","89.1","31","86.1","33","100","54","84.4","19","90.5","9","90","7","77.8","6","100"
"19","Total","222","100","143","100","79","100","115","100","107","100","45","100","55","100","37","100","35","100","50","100","55","100","71","100","54","100","42","100","30","100","22","100","14","100","29","100","20","100","31","100","9","100","47","100","20","100","67","100","15","100","15","100","34","100","55","100","36","100","33","100","64","100","21","100","10","100","9","100","6","100"
"20",,,,,,,,,,,,,,,,,,,,,,,,,,,,,,,,,,,,,,,,,,,,,,,,,,,,,,,,,,,,,,,,,,,,,,,
"21","Banamex","Total_Total_f","Total_Total_pct","A3_Sí (Bancarizado)_f","A3_Sí (Bancarizado)_pct","A3_No (No Bancarizado)_f","A3_No (No Bancarizado)_pct","F1Genero_Masculino_f","F1Genero_Masculino_pct","F1Genero_Femenino_f","F1Genero_Femenino_pct","NSE_C+_f","NSE_C+_pct","NSE_C_f","NSE_C_pct","NSE_C-_f","NSE_C-_pct","NSE_D+_f","NSE_D+_pct","NSE_D_f","NSE_D_pct","Edad.Rango_18 - 24 años_f","Edad.Rango_18 - 24 años_pct","Edad.Rango_25 - 34 años_f","Edad.Rango_25 - 34 años_pct","Edad.Rango_35 - 44 años_f","Edad.Rango_35 - 44 años_pct","Edad.Rango_45 - 55 años_f","Edad.Rango_45 - 55 años_pct","Plaza_Veracruz (Veracruz)_f","Plaza_Veracruz (Veracruz)_pct","Plaza_Chiapas (Ocozocoautla de espinosa)_f","Plaza_Chiapas (Ocozocoautla de espinosa)_pct","Plaza_Yucatan (Hunucma)_f","Plaza_Yucatan (Hunucma)_pct","Plaza_Ciudad de México (AMCM)_f","Plaza_Ciudad de México (AMCM)_pct","Plaza_Puebla (Tepeaca)_f","Plaza_Puebla (Tepeaca)_pct","Plaza_Jalisco (Ayotlan)_f","Plaza_Jalisco (Ayotlan)_pct","Plaza_Nuevo Leon (Monterrey)_f","Plaza_Nuevo Leon (Monterrey)_pct","Plaza_Sonora (Heroica de Caborca)_f","Plaza_Sonora (Heroica de Caborca)_pct","Plaza_Sinaloa (Angostura)_f","Plaza_Sinaloa (Angostura)_pct","cluster_1_f","cluster_1_pct","cluster_2_f","cluster_2_pct","cluster_3_f","cluster_3_pct","cluster_4_f","cluster_4_pct","cluster_5_f","cluster_5_pct","cluster_6_f","cluster_6_pct","clusterB_1_f","clusterB_1_pct","clusterB_2_f","clusterB_2_pct","clusterB_3_f","clusterB_3_pct","clusterB_4_f","clusterB_4_pct","clusterB_5_f","clusterB_5_pct","clusterB_6_f","clusterB_6_pct"
"22","LOS INTERESES SON ALTOS","68","48.6","48","47.1","20","52.6","36","45.6","32","52.5","12","57.1","13","54.2","17","45.9","14","45.2","12","44.4","12","48","22","50","18","40","16","61.5","13","52","10","33.3","16","72.7","4","30.8","8","29.6","0","0","11","73.3","6","100","0","NaN","9","37.5","9","69.2","7","38.9","15","45.5","14","56","14","51.9","6","50","14","51.9","13","38.2","9","69.2","6","54.5","0","0"
"23","NO ME DA CONFIANZA","7","5","7","6.9","0","0","3","3.8","4","6.6","1","4.8","0","0","0","0","1","3.2","5","18.5","2","8","1","2.3","4","8.9","0","0","0","0","1","3.3","0","0","0","0","5","18.5","1","50","0","0","0","0","0","NaN","0","0","1","7.7","2","11.1","1","3","1","4","2","7.4","0","0","1","3.7","3","8.8","0","0","1","9.1","2","40"
"24","FALTA INFORMACIÓN DEL BANCO","1","0.7","1","1","0","0","1","1.3","0","0","0","0","0","0","1","2.7","0","0","0","0","0","0","1","2.3","0","0","0","0","0","0","0","0","0","0","1","7.7","0","0","0","0","0","0","0","0","0","NaN","1","4.2","0","0","0","0","0","0","0","0","0","0","0","0","1","3.7","0","0","0","0","0","0","0","0"
"25","ME HAN DADO MALAS REFERENCIAS DEL BANCO","5","3.6","3","2.9","2","5.3","2","2.5","3","4.9","0","0","1","4.2","3","8.1","1","3.2","0","0","2","8","2","4.5","1","2.2","0","0","1","4","1","3.3","0","0","2","15.4","0","0","0","0","1","6.7","0","0","0","NaN","2","8.3","0","0","0","0","0","0","2","8","1","3.7","1","8.3","2","7.4","0","0","0","0","0","0","0","0"
"26","TIENE POCAS SUCURSALES/CAJEROS","4","2.9","3","2.9","1","2.6","2","2.5","2","3.3","0","0","1","4.2","3","8.1","0","0","0","0","0","0","2","4.5","1","2.2","1","3.8","0","0","2","6.7","0","0","0","0","1","3.7","1","50","0","0","0","0","0","NaN","0","0","0","0","1","5.6","2","6.1","0","0","1","3.7","1","8.3","0","0","2","5.9","0","0","0","0","0","0"
"27","MALA ATENCIÓN Y SERVICIO","21","15","18","17.6","3","7.9","11","13.9","10","16.4","6","28.6","6","25","3","8.1","3","9.7","3","11.1","3","12","4","9.1","7","15.6","7","26.9","2","8","8","26.7","3","13.6","0","0","5","18.5","0","0","3","20","0","0","0","NaN","0","0","1","7.7","3","16.7","11","33.3","4","16","2","7.4","2","16.7","2","7.4","9","26.5","1","7.7","3","27.3","1","20"
"28","NO SABE/NO CONTESTO","1","0.7","1","1","0","0","1","1.3","0","0","1","4.8","0","0","0","0","0","0","0","0","1","4","0","0","0","0","0","0","1","4","0","0","0","0","0","0","0","0","0","0","0","0","0","0","0","NaN","0","0","0","0","0","0","1","3","0","0","0","0","0","0","0","0","1","2.9","0","0","0","0","0","0"
"29","NO TENGO PROBLEMA, SI LO SOLICITARIA","5","3.6","3","2.9","2","5.3","4","5.1","1","1.6","0","0","2","8.3","2","5.4","0","0","1","3.7","1","4","2","4.5","1","2.2","1","3.8","1","4","0","0","1","4.5","2","15.4","1","3.7","0","0","0","0","0","0","0","NaN","1","4.2","0","0","1","5.6","2","6.1","1","4","0","0","1","8.3","0","0","0","0","1","7.7","0","0","1","20"
"30","COBRAN MUCHAS COMISIONES","2","1.4","2","2","0","0","2","2.5","0","0","0","0","0","0","1","2.7","1","3.2","0","0","0","0","2","4.5","0","0","0","0","0","0","1","3.3","0","0","1","7.7","0","0","0","0","0","0","0","0","0","NaN","0","0","0","0","0","0","1","3","1","4","0","0","1","8.3","0","0","0","0","1","7.7","0","0","0","0"
"31","PIDEN MUCHOS REQUISITOS","12","8.6","9","8.8","3","7.9","4","5.1","8","13.1","2","9.5","1","4.2","2","5.4","0","0","7","25.9","2","8","3","6.8","4","8.9","3","11.5","0","0","4","13.3","5","22.7","1","7.7","2","7.4","0","0","0","0","0","0","0","NaN","2","8.3","0","0","1","5.6","4","12.1","1","4","4","14.8","1","8.3","2","7.4","6","17.6","0","0","0","0","0","0"
"32","NO ME INTERESA UN CRÉDITO","9","6.4","5","4.9","4","10.5","7","8.9","2","3.3","0","0","2","8.3","2","5.4","4","12.9","1","3.7","3","12","2","4.5","4","8.9","0","0","1","4","2","6.7","1","4.5","0","0","5","18.5","0","0","0","0","0","0","0","NaN","1","4.2","1","7.7","2","11.1","2","6.1","1","4","2","7.4","0","0","1","3.7","2","5.9","0","0","2","18.2","0","0"
"33","NO ME GUSTA EL BANCO","5","3.6","3","2.9","2","5.3","3","3.8","2","3.3","0","0","2","8.3","1","2.7","2","6.5","0","0","0","0","2","4.5","3","6.7","0","0","2","8","2","6.7","0","0","0","0","1","3.7","0","0","0","0","0","0","0","NaN","2","8.3","1","7.7","1","5.6","0","0","1","4","0","0","0","0","2","7.4","0","0","1","7.7","0","0","0","0"
"34","NO SOY SUJETO DE CRÉDITO","8","5.7","4","3.9","4","10.5","3","3.8","5","8.2","0","0","0","0","2","5.4","4","12.9","2","7.4","0","0","1","2.3","5","11.1","2","7.7","4","16","3","10","0","0","0","0","1","3.7","0","0","0","0","0","0","0","NaN","3","12.5","0","0","1","5.6","0","0","0","0","4","14.8","0","0","0","0","3","8.8","0","0","0","0","1","20"
"35","NO CUBRE MIS NECESIDADES","0","0","0","0","0","0","0","0","0","0","0","0","0","0","0","0","0","0","0","0","0","0","0","0","0","0","0","0","0","0","0","0","0","0","0","0","0","0","0","0","0","0","0","0","0","NaN","0","0","0","0","0","0","0","0","0","0","0","0","0","0","0","0","0","0","0","0","0","0","0","0"
"36","ES UN BANCO PARA GENTE RICA","3","2.1","3","2.9","0","0","3","3.8","0","0","0","0","0","0","1","2.7","2","6.5","0","0","1","4","2","4.5","0","0","0","0","0","0","0","0","0","0","2","15.4","0","0","0","0","1","6.7","0","0","0","NaN","3","12.5","0","0","0","0","0","0","0","0","0","0","0","0","3","11.1","0","0","0","0","0","0","0","0"
"37","POR LOS PLAZOS Y FRECUENCIA DE PAGOS","1","0.7","1","1","0","0","1","1.3","0","0","0","0","0","0","1","2.7","0","0","0","0","0","0","0","0","1","2.2","0","0","0","0","0","0","0","0","0","0","1","3.7","0","0","0","0","0","0","0","NaN","0","0","0","0","1","5.6","0","0","0","0","0","0","0","0","0","0","0","0","0","0","1","9.1","0","0"
"38","","128","91.4","93","91.2","35","92.1","75","94.9","53","86.9","20","95.2","20","83.3","35","94.6","30","96.8","23","85.2","23","92","42","95.5","41","91.1","22","84.6","25","100","26","86.7","18","81.8","13","100","24","88.9","2","100","14","93.3","6","100","0","NaN","24","100","13","100","16","88.9","27","81.8","24","96","24","88.9","11","91.7","26","96.3","29","85.3","13","100","9","81.8","5","100"
"39","Total","140","100","102","100","38","100","79","100","61","100","21","100","24","100","37","100","31","100","27","100","25","100","44","100","45","100","26","100","25","100","30","100","22","100","13","100","27","100","2","100","15","100","6","100","0","NaN","24","100","13","100","18","100","33","100","25","100","27","100","12","100","27","100","34","100","13","100","11","100","5","100"
"40",,,,,,,,,,,,,,,,,,,,,,,,,,,,,,,,,,,,,,,,,,,,,,,,,,,,,,,,,,,,,,,,,,,,,,,
"41","Banorte","Total_Total_f","Total_Total_pct","A3_Sí (Bancarizado)_f","A3_Sí (Bancarizado)_pct","A3_No (No Bancarizado)_f","A3_No (No Bancarizado)_pct","F1Genero_Masculino_f","F1Genero_Masculino_pct","F1Genero_Femenino_f","F1Genero_Femenino_pct","NSE_C+_f","NSE_C+_pct","NSE_C_f","NSE_C_pct","NSE_C-_f","NSE_C-_pct","NSE_D+_f","NSE_D+_pct","NSE_D_f","NSE_D_pct","Edad.Rango_18 - 24 años_f","Edad.Rango_18 - 24 años_pct","Edad.Rango_25 - 34 años_f","Edad.Rango_25 - 34 años_pct","Edad.Rango_35 - 44 años_f","Edad.Rango_35 - 44 años_pct","Edad.Rango_45 - 55 años_f","Edad.Rango_45 - 55 años_pct","Plaza_Veracruz (Veracruz)_f","Plaza_Veracruz (Veracruz)_pct","Plaza_Chiapas (Ocozocoautla de espinosa)_f","Plaza_Chiapas (Ocozocoautla de espinosa)_pct","Plaza_Yucatan (Hunucma)_f","Plaza_Yucatan (Hunucma)_pct","Plaza_Ciudad de México (AMCM)_f","Plaza_Ciudad de México (AMCM)_pct","Plaza_Puebla (Tepeaca)_f","Plaza_Puebla (Tepeaca)_pct","Plaza_Jalisco (Ayotlan)_f","Plaza_Jalisco (Ayotlan)_pct","Plaza_Nuevo Leon (Monterrey)_f","Plaza_Nuevo Leon (Monterrey)_pct","Plaza_Sonora (Heroica de Caborca)_f","Plaza_Sonora (Heroica de Caborca)_pct","Plaza_Sinaloa (Angostura)_f","Plaza_Sinaloa (Angostura)_pct","cluster_1_f","cluster_1_pct","cluster_2_f","cluster_2_pct","cluster_3_f","cluster_3_pct","cluster_4_f","cluster_4_pct","cluster_5_f","cluster_5_pct","cluster_6_f","cluster_6_pct","clusterB_1_f","clusterB_1_pct","clusterB_2_f","clusterB_2_pct","clusterB_3_f","clusterB_3_pct","clusterB_4_f","clusterB_4_pct","clusterB_5_f","clusterB_5_pct","clusterB_6_f","clusterB_6_pct"
"42","LOS INTERESES SON ALTOS","18","39.1","12","34.3","6","54.5","10","45.5","8","33.3","1","12.5","3","25","4","57.1","7","70","3","33.3","2","33.3","6","42.9","6","42.9","4","33.3","1","10","6","100","1","100","1","33.3","0","0","1","33.3","7","63.6","0","0","1","50","5","38.5","1","25","1","100","5","50","5","35.7","1","25","3","50","5","29.4","3","37.5","0","0","1","100","0","0"
"43","NO ME DA CONFIANZA","6","13","5","14.3","1","9.1","2","9.1","4","16.7","2","25","2","16.7","0","0","1","10","1","11.1","1","16.7","1","7.1","2","14.3","2","16.7","3","30","0","0","0","0","0","0","1","25","1","33.3","0","0","1","16.7","0","0","2","15.4","0","0","0","0","2","20","1","7.1","1","25","0","0","3","17.6","2","25","0","0","0","0","0","0"
"44","FALTA INFORMACIÓN DEL BANCO","7","15.2","6","17.1","1","9.1","2","9.1","5","20.8","1","12.5","1","8.3","1","14.3","1","10","3","33.3","2","33.3","0","0","1","7.1","4","33.3","0","0","0","0","0","0","0","0","1","25","1","33.3","0","0","5","83.3","0","0","2","15.4","0","0","0","0","0","0","4","28.6","1","25","0","0","5","29.4","1","12.5","0","0","0","0","0","0"
"45","ME HAN DADO MALAS REFERENCIAS DEL BANCO","2","4.3","2","5.7","0","0","0","0","2","8.3","0","0","1","8.3","0","0","0","0","1","11.1","0","0","0","0","1","7.1","1","8.3","0","0","0","0","0","0","1","33.3","0","0","0","0","1","9.1","0","0","0","0","1","7.7","1","25","0","0","0","0","0","0","0","0","0","0","1","5.9","0","0","1","50","0","0","0","0"
"46","TIENE POCAS SUCURSALES/CAJEROS","4","8.7","2","5.7","2","18.2","2","9.1","2","8.3","1","12.5","2","16.7","0","0","0","0","1","11.1","0","0","3","21.4","0","0","1","8.3","1","10","0","0","0","0","1","33.3","1","25","0","0","0","0","0","0","1","50","2","15.4","0","0","0","0","0","0","2","14.3","0","0","0","0","2","11.8","0","0","0","0","0","0","0","0"
"47","MALA ATENCIÓN Y SERVICIO","6","13","6","17.1","0","0","5","22.7","1","4.2","3","37.5","2","16.7","0","0","1","10","0","0","0","0","1","7.1","4","28.6","1","8.3","4","40","0","0","0","0","0","0","0","0","0","0","2","18.2","0","0","0","0","0","0","1","25","0","0","2","20","3","21.4","0","0","3","50","1","5.9","1","12.5","1","50","0","0","0","0"
"48","NO SABE/NO CONTESTO","1","2.2","0","0","1","9.1","1","4.5","0","0","0","0","1","8.3","0","0","0","0","0","0","1","16.7","0","0","0","0","0","0","1","10","0","0","0","0","0","0","0","0","0","0","0","0","0","0","0","0","0","0","0","0","0","0","0","0","0","0","1","25","0","0","0","0","0","0","0","0","0","0","0","0"
"49","NO TENGO PROBLEMA, SI LO SOLICITARIA","2","4.3","2","5.7","0","0","1","4.5","1","4.2","0","0","0","0","1","14.3","1","10","0","0","0","0","2","14.3","0","0","0","0","0","0","0","0","0","0","0","0","1","25","0","0","1","9.1","0","0","0","0","0","0","1","25","0","0","1","10","0","0","0","0","0","0","0","0","1","12.5","0","0","0","0","1","100"
"50","COBRAN MUCHAS COMISIONES","0","0","0","0","0","0","0","0","0","0","0","0","0","0","0","0","0","0","0","0","0","0","0","0","0","0","0","0","0","0","0","0","0","0","0","0","0","0","0","0","0","0","0","0","0","0","0","0","0","0","0","0","0","0","0","0","0","0","0","0","0","0","0","0","0","0","0","0","0","0"
"51","PIDEN MUCHOS REQUISITOS","0","0","0","0","0","0","0","0","0","0","0","0","0","0","0","0","0","0","0","0","0","0","0","0","0","0","0","0","0","0","0","0","0","0","0","0","0","0","0","0","0","0","0","0","0","0","0","0","0","0","0","0","0","0","0","0","0","0","0","0","0","0","0","0","0","0","0","0","0","0"
"52","NO ME INTERESA UN CRÉDITO","0","0","0","0","0","0","0","0","0","0","0","0","0","0","0","0","0","0","0","0","0","0","0","0","0","0","0","0","0","0","0","0","0","0","0","0","0","0","0","0","0","0","0","0","0","0","0","0","0","0","0","0","0","0","0","0","0","0","0","0","0","0","0","0","0","0","0","0","0","0"
"53","NO ME GUSTA EL BANCO","1","2.2","1","2.9","0","0","0","0","1","4.2","0","0","0","0","1","14.3","0","0","0","0","0","0","1","7.1","0","0","0","0","0","0","0","0","0","0","0","0","0","0","1","33.3","0","0","0","0","0","0","1","7.7","0","0","0","0","0","0","0","0","0","0","0","0","1","5.9","0","0","0","0","0","0","0","0"
"54","NO SOY SUJETO DE CRÉDITO","0","0","0","0","0","0","0","0","0","0","0","0","0","0","0","0","0","0","0","0","0","0","0","0","0","0","0","0","0","0","0","0","0","0","0","0","0","0","0","0","0","0","0","0","0","0","0","0","0","0","0","0","0","0","0","0","0","0","0","0","0","0","0","0","0","0","0","0","0","0"
"55","NO CUBRE MIS NECESIDADES","0","0","0","0","0","0","0","0","0","0","0","0","0","0","0","0","0","0","0","0","0","0","0","0","0","0","0","0","0","0","0","0","0","0","0","0","0","0","0","0","0","0","0","0","0","0","0","0","0","0","0","0","0","0","0","0","0","0","0","0","0","0","0","0","0","0","0","0","0","0"
"56","ES UN BANCO PARA GENTE RICA","0","0","0","0","0","0","0","0","0","0","0","0","0","0","0","0","0","0","0","0","0","0","0","0","0","0","0","0","0","0","0","0","0","0","0","0","0","0","0","0","0","0","0","0","0","0","0","0","0","0","0","0","0","0","0","0","0","0","0","0","0","0","0","0","0","0","0","0","0","0"
"57","POR LOS PLAZOS Y FRECUENCIA DE PAGOS","0","0","0","0","0","0","0","0","0","0","0","0","0","0","0","0","0","0","0","0","0","0","0","0","0","0","0","0","0","0","0","0","0","0","0","0","0","0","0","0","0","0","0","0","0","0","0","0","0","0","0","0","0","0","0","0","0","0","0","0","0","0","0","0","0","0","0","0","0","0"
"58","","45","97.8","34","97.1","11","100","21","95.5","24","100","8","100","12","100","7","100","9","90","9","100","6","100","14","100","14","100","11","91.7","10","100","6","100","0","0","3","100","4","100","2","66.7","11","100","6","100","2","100","13","100","4","100","0","0","10","100","13","92.9","4","100","6","100","16","94.1","8","100","2","100","0","0","0","0"
"59","Total","46","100","35","100","11","100","22","100","24","100","8","100","12","100","7","100","10","100","9","100","6","100","14","100","14","100","12","100","10","100","6","100","1","100","3","100","4","100","3","100","11","100","6","100","2","100","13","100","4","100","1","100","10","100","14","100","4","100","6","100","17","100","8","100","2","100","1","100","1","100"
"60",,,,,,,,,,,,,,,,,,,,,,,,,,,,,,,,,,,,,,,,,,,,,,,,,,,,,,,,,,,,,,,,,,,,,,,
"61","Bancomer","Total_Total_f","Total_Total_pct","A3_Sí (Bancarizado)_f","A3_Sí (Bancarizado)_pct","A3_No (No Bancarizado)_f","A3_No (No Bancarizado)_pct","F1Genero_Masculino_f","F1Genero_Masculino_pct","F1Genero_Femenino_f","F1Genero_Femenino_pct","NSE_C+_f","NSE_C+_pct","NSE_C_f","NSE_C_pct","NSE_C-_f","NSE_C-_pct","NSE_D+_f","NSE_D+_pct","NSE_D_f","NSE_D_pct","Edad.Rango_18 - 24 años_f","Edad.Rango_18 - 24 años_pct","Edad.Rango_25 - 34 años_f","Edad.Rango_25 - 34 años_pct","Edad.Rango_35 - 44 años_f","Edad.Rango_35 - 44 años_pct","Edad.Rango_45 - 55 años_f","Edad.Rango_45 - 55 años_pct","Plaza_Veracruz (Veracruz)_f","Plaza_Veracruz (Veracruz)_pct","Plaza_Chiapas (Ocozocoautla de espinosa)_f","Plaza_Chiapas (Ocozocoautla de espinosa)_pct","Plaza_Yucatan (Hunucma)_f","Plaza_Yucatan (Hunucma)_pct","Plaza_Ciudad de México (AMCM)_f","Plaza_Ciudad de México (AMCM)_pct","Plaza_Puebla (Tepeaca)_f","Plaza_Puebla (Tepeaca)_pct","Plaza_Jalisco (Ayotlan)_f","Plaza_Jalisco (Ayotlan)_pct","Plaza_Nuevo Leon (Monterrey)_f","Plaza_Nuevo Leon (Monterrey)_pct","Plaza_Sonora (Heroica de Caborca)_f","Plaza_Sonora (Heroica de Caborca)_pct","Plaza_Sinaloa (Angostura)_f","Plaza_Sinaloa (Angostura)_pct","cluster_1_f","cluster_1_pct","cluster_2_f","cluster_2_pct","cluster_3_f","cluster_3_pct","cluster_4_f","cluster_4_pct","cluster_5_f","cluster_5_pct","cluster_6_f","cluster_6_pct","clusterB_1_f","clusterB_1_pct","clusterB_2_f","clusterB_2_pct","clusterB_3_f","clusterB_3_pct","clusterB_4_f","clusterB_4_pct","clusterB_5_f","clusterB_5_pct","clusterB_6_f","clusterB_6_pct"
"62","LOS INTERESES SON ALTOS","31","41.9","21","46.7","10","34.5","16","51.6","15","34.9","5","55.6","6","46.2","4","26.7","12","54.5","4","26.7","6","31.6","8","53.3","11","39.3","6","50","2","40","4","66.7","0","0","4","36.4","2","18.2","6","50","5","55.6","8","53.3","0","0","4","20","8","72.7","3","33.3","8","61.5","7","43.8","1","20","4","40","4","28.6","3","60","2","66.7","3","42.9","5","83.3"
"63","NO ME DA CONFIANZA","1","1.4","1","2.2","0","0","1","3.2","0","0","0","0","0","0","0","0","1","4.5","0","0","0","0","0","0","1","3.6","0","0","0","0","0","0","0","0","0","0","0","0","0","0","1","11.1","0","0","0","0","0","0","0","0","0","0","1","7.7","0","0","0","0","1","10","0","0","0","0","0","0","0","0","0","0"
"64","FALTA INFORMACIÓN DEL BANCO","1","1.4","1","2.2","0","0","1","3.2","0","0","0","0","0","0","0","0","0","0","1","6.7","0","0","0","0","1","3.6","0","0","0","0","1","16.7","0","0","0","0","0","0","0","0","0","0","0","0","0","0","0","0","0","0","0","0","1","7.7","0","0","0","0","0","0","0","0","1","20","0","0","0","0","0","0"
"65","ME HAN DADO MALAS REFERENCIAS DEL BANCO","1","1.4","1","2.2","0","0","1","3.2","0","0","0","0","0","0","0","0","1","4.5","0","0","0","0","0","0","1","3.6","0","0","0","0","0","0","0","0","1","9.1","0","0","0","0","0","0","0","0","0","0","0","0","0","0","0","0","1","7.7","0","0","0","0","0","0","0","0","1","20","0","0","0","0","0","0"
"66","TIENE POCAS SUCURSALES/CAJEROS","4","5.4","3","6.7","1","3.4","1","3.2","3","7","0","0","0","0","1","6.7","2","9.1","1","6.7","3","15.8","0","0","1","3.6","0","0","0","0","0","0","2","50","0","0","2","18.2","0","0","0","0","0","0","0","0","2","10","0","0","2","22.2","0","0","0","0","0","0","0","0","2","14.3","0","0","0","0","1","14.3","0","0"
"67","MALA ATENCIÓN Y SERVICIO","12","16.2","7","15.6","5","17.2","4","12.9","8","18.6","4","44.4","2","15.4","2","13.3","1","4.5","3","20","1","5.3","2","13.3","4","14.3","5","41.7","2","40","1","16.7","0","0","1","9.1","3","27.3","2","16.7","1","11.1","2","13.3","0","0","4","20","0","0","3","33.3","0","0","3","18.8","2","40","2","20","3","21.4","0","0","0","0","2","28.6","0","0"
"68","NO SABE/NO CONTESTO","1","1.4","0","0","1","3.4","0","0","1","2.3","0","0","0","0","1","6.7","0","0","0","0","0","0","1","6.7","0","0","0","0","0","0","0","0","0","0","1","9.1","0","0","0","0","0","0","0","0","0","0","1","5","0","0","0","0","0","0","0","0","0","0","0","0","0","0","0","0","0","0","0","0","0","0"
"69","NO TENGO PROBLEMA, SI LO SOLICITARIA","5","6.8","1","2.2","4","13.8","1","3.2","4","9.3","0","0","2","15.4","2","13.3","1","4.5","0","0","3","15.8","1","6.7","1","3.6","0","0","0","0","0","0","0","0","1","9.1","0","0","1","8.3","0","0","3","20","0","0","1","5","0","0","0","0","1","7.7","3","18.8","0","0","0","0","1","7.1","0","0","0","0","0","0","0","0"
"70","COBRAN MUCHAS COMISIONES","1","1.4","0","0","1","3.4","0","0","1","2.3","0","0","0","0","0","0","0","0","1","6.7","0","0","0","0","1","3.6","0","0","0","0","0","0","0","0","0","0","0","0","1","8.3","0","0","0","0","0","0","1","5","0","0","0","0","0","0","0","0","0","0","0","0","0","0","0","0","0","0","0","0","0","0"
"71","PIDEN MUCHOS REQUISITOS","10","13.5","6","13.3","4","13.8","1","3.2","9","20.9","0","0","1","7.7","2","13.3","4","18.2","3","20","3","15.8","1","6.7","6","21.4","0","0","0","0","0","0","2","50","1","9.1","2","18.2","1","8.3","1","11.1","3","20","0","0","3","15","2","18.2","1","11.1","0","0","3","18.8","1","20","1","10","4","28.6","0","0","0","0","1","14.3","0","0"
"72","NO ME INTERESA UN CRÉDITO","1","1.4","1","2.2","0","0","1","3.2","0","0","0","0","0","0","1","6.7","0","0","0","0","1","5.3","0","0","0","0","0","0","0","0","0","0","0","0","0","0","0","0","0","0","0","0","0","0","1","100","1","5","0","0","0","0","0","0","0","0","0","0","0","0","1","7.1","0","0","0","0","0","0","0","0"
"73","NO ME GUSTA EL BANCO","5","6.8","2","4.4","3","10.3","3","9.7","2","4.7","0","0","2","15.4","1","6.7","1","4.5","1","6.7","2","10.5","1","6.7","2","7.1","0","0","1","20","0","0","0","0","1","9.1","2","18.2","1","8.3","0","0","0","0","0","0","2","10","0","0","0","0","1","7.7","1","6.2","1","20","2","20","0","0","0","0","0","0","0","0","0","0"
"74","NO SOY SUJETO DE CRÉDITO","1","1.4","1","2.2","0","0","0","0","1","2.3","0","0","0","0","1","6.7","0","0","0","0","0","0","1","6.7","0","0","0","0","0","0","0","0","0","0","0","0","0","0","0","0","0","0","1","6.7","0","0","0","0","1","9.1","0","0","0","0","0","0","0","0","0","0","0","0","0","0","0","0","0","0","1","16.7"
"75","NO CUBRE MIS NECESIDADES","1","1.4","1","2.2","0","0","0","0","1","2.3","0","0","0","0","1","6.7","0","0","0","0","1","5.3","0","0","0","0","0","0","0","0","0","0","0","0","1","9.1","0","0","0","0","0","0","0","0","0","0","0","0","0","0","0","0","0","0","1","6.2","0","0","0","0","0","0","0","0","1","33.3","0","0","0","0"
"76","ES UN BANCO PARA GENTE RICA","1","1.4","0","0","1","3.4","1","3.2","0","0","0","0","0","0","0","0","0","0","1","6.7","0","0","0","0","0","0","1","8.3","0","0","0","0","0","0","0","0","0","0","0","0","1","11.1","0","0","0","0","1","5","0","0","0","0","0","0","0","0","0","0","0","0","0","0","0","0","0","0","0","0","0","0"
"77","POR LOS PLAZOS Y FRECUENCIA DE PAGOS","0","0","0","0","0","0","0","0","0","0","0","0","0","0","0","0","0","0","0","0","0","0","0","0","0","0","0","0","0","0","0","0","0","0","0","0","0","0","0","0","0","0","0","0","0","0","0","0","0","0","0","0","0","0","0","0","0","0","0","0","0","0","0","0","0","0","0","0","0","0"
"78","","72","97.3","44","97.8","28","96.6","31","100","41","95.3","9","100","13","100","14","93.3","21","95.5","15","100","18","94.7","15","100","27","96.4","12","100","5","100","6","100","4","100","11","100","11","100","12","100","9","100","13","86.7","0","0","20","100","11","100","9","100","13","100","14","87.5","5","100","10","100","13","92.9","5","100","3","100","7","100","6","100"
"79","Total","74","100","45","100","29","100","31","100","43","100","9","100","13","100","15","100","22","100","15","100","19","100","15","100","28","100","12","100","5","100","6","100","4","100","11","100","11","100","12","100","9","100","15","100","1","100","20","100","11","100","9","100","13","100","16","100","5","100","10","100","14","100","5","100","3","100","7","100","6","100"
"80",,,,,,,,,,,,,,,,,,,,,,,,,,,,,,,,,,,,,,,,,,,,,,,,,,,,,,,,,,,,,,,,,,,,,,,
"81","HSBC","Total_Total_f","Total_Total_pct","A3_Sí (Bancarizado)_f","A3_Sí (Bancarizado)_pct","A3_No (No Bancarizado)_f","A3_No (No Bancarizado)_pct","F1Genero_Masculino_f","F1Genero_Masculino_pct","F1Genero_Femenino_f","F1Genero_Femenino_pct","NSE_C+_f","NSE_C+_pct","NSE_C_f","NSE_C_pct","NSE_C-_f","NSE_C-_pct","NSE_D+_f","NSE_D+_pct","NSE_D_f","NSE_D_pct","Edad.Rango_18 - 24 años_f","Edad.Rango_18 - 24 años_pct","Edad.Rango_25 - 34 años_f","Edad.Rango_25 - 34 años_pct","Edad.Rango_35 - 44 años_f","Edad.Rango_35 - 44 años_pct","Edad.Rango_45 - 55 años_f","Edad.Rango_45 - 55 años_pct","Plaza_Veracruz (Veracruz)_f","Plaza_Veracruz (Veracruz)_pct","Plaza_Chiapas (Ocozocoautla de espinosa)_f","Plaza_Chiapas (Ocozocoautla de espinosa)_pct","Plaza_Yucatan (Hunucma)_f","Plaza_Yucatan (Hunucma)_pct","Plaza_Ciudad de México (AMCM)_f","Plaza_Ciudad de México (AMCM)_pct","Plaza_Puebla (Tepeaca)_f","Plaza_Puebla (Tepeaca)_pct","Plaza_Jalisco (Ayotlan)_f","Plaza_Jalisco (Ayotlan)_pct","Plaza_Nuevo Leon (Monterrey)_f","Plaza_Nuevo Leon (Monterrey)_pct","Plaza_Sonora (Heroica de Caborca)_f","Plaza_Sonora (Heroica de Caborca)_pct","Plaza_Sinaloa (Angostura)_f","Plaza_Sinaloa (Angostura)_pct","cluster_1_f","cluster_1_pct","cluster_2_f","cluster_2_pct","cluster_3_f","cluster_3_pct","cluster_4_f","cluster_4_pct","cluster_5_f","cluster_5_pct","cluster_6_f","cluster_6_pct","clusterB_1_f","clusterB_1_pct","clusterB_2_f","clusterB_2_pct","clusterB_3_f","clusterB_3_pct","clusterB_4_f","clusterB_4_pct","clusterB_5_f","clusterB_5_pct","clusterB_6_f","clusterB_6_pct"
"82","LOS INTERESES SON ALTOS","46","43.4","29","41.4","17","47.2","27","45.8","19","40.4","4","26.7","12","46.2","8","50","9","37.5","13","52","4","28.6","14","37.8","19","51.4","9","50","9","50","0","0","1","12.5","3","25","13","54.2","1","20","13","52","4","66.7","2","33.3","4","33.3","7","50","7","35","15","53.6","10","43.5","3","33.3","4","36.4","4","23.5","2","40","7","87.5","6","42.9","6","40"
"83","NO ME DA CONFIANZA","10","9.4","8","11.4","2","5.6","5","8.5","5","10.6","4","26.7","2","7.7","0","0","2","8.3","2","8","1","7.1","6","16.2","1","2.7","2","11.1","0","0","1","50","1","12.5","1","8.3","1","4.2","2","40","4","16","0","0","0","0","0","0","1","7.1","1","5","3","10.7","5","21.7","0","0","3","27.3","3","17.6","1","20","0","0","0","0","1","6.7"
"84","FALTA INFORMACIÓN DEL BANCO","10","9.4","8","11.4","2","5.6","4","6.8","6","12.8","1","6.7","2","7.7","3","18.8","1","4.2","3","12","1","7.1","5","13.5","3","8.1","1","5.6","4","22.2","0","0","0","0","1","8.3","0","0","2","40","2","8","0","0","1","16.7","1","8.3","1","7.1","1","5","4","14.3","2","8.7","1","11.1","0","0","3","17.6","1","20","0","0","2","14.3","2","13.3"
"85","ME HAN DADO MALAS REFERENCIAS DEL BANCO","6","5.7","4","5.7","2","5.6","5","8.5","1","2.1","0","0","3","11.5","2","12.5","1","4.2","0","0","2","14.3","3","8.1","1","2.7","0","0","0","0","0","0","0","0","1","8.3","2","8.3","0","0","2","8","1","16.7","0","0","3","25","1","7.1","2","10","0","0","0","0","0","0","0","0","2","11.8","0","0","0","0","0","0","2","13.3"
"86","TIENE POCAS SUCURSALES/CAJEROS","5","4.7","3","4.3","2","5.6","3","5.1","2","4.3","1","6.7","1","3.8","0","0","2","8.3","1","4","1","7.1","2","5.4","2","5.4","0","0","1","5.6","1","50","0","0","0","0","1","4.2","0","0","2","8","0","0","0","0","1","8.3","0","0","0","0","1","3.6","2","8.7","1","11.1","0","0","3","17.6","0","0","0","0","0","0","0","0"
"87","MALA ATENCIÓN Y SERVICIO","13","12.3","11","15.7","2","5.6","5","8.5","8","17","3","20","5","19.2","3","18.8","2","8.3","0","0","2","14.3","4","10.8","3","8.1","4","22.2","2","11.1","0","0","2","25","0","0","4","16.7","2","40","3","12","0","0","0","0","1","8.3","1","7.1","3","15","4","14.3","4","17.4","0","0","3","27.3","2","11.8","0","0","1","12.5","2","14.3","3","20"
"88","NO SABE/NO CONTESTO","2","1.9","2","2.9","0","0","0","0","2","4.3","0","0","0","0","0","0","1","4.2","1","4","0","0","1","2.7","0","0","1","5.6","0","0","0","0","0","0","0","0","1","4.2","0","0","0","0","1","16.7","0","0","0","0","1","7.1","1","5","0","0","0","0","0","0","0","0","0","0","0","0","1","12.5","1","7.1","0","0"
"89","NO TENGO PROBLEMA, SI LO SOLICITARIA","0","0","0","0","0","0","0","0","0","0","0","0","0","0","0","0","0","0","0","0","0","0","0","0","0","0","0","0","0","0","0","0","0","0","0","0","0","0","0","0","0","0","0","0","0","0","0","0","0","0","0","0","0","0","0","0","0","0","0","0","0","0","0","0","0","0","0","0","0","0"
"90","COBRAN MUCHAS COMISIONES","5","4.7","4","5.7","1","2.8","2","3.4","3","6.4","0","0","2","7.7","1","6.2","1","4.2","1","4","0","0","2","5.4","1","2.7","2","11.1","0","0","0","0","0","0","4","33.3","1","4.2","0","0","0","0","0","0","0","0","0","0","0","0","0","0","1","3.6","4","17.4","0","0","2","18.2","0","0","0","0","1","12.5","1","7.1","0","0"
"91","PIDEN MUCHOS REQUISITOS","7","6.6","4","5.7","3","8.3","4","6.8","3","6.4","0","0","0","0","1","6.2","1","4.2","5","20","2","14.3","1","2.7","3","8.1","1","5.6","0","0","0","0","2","25","1","8.3","3","12.5","0","0","1","4","0","0","0","0","1","8.3","0","0","4","20","0","0","1","4.3","1","11.1","0","0","2","11.8","0","0","0","0","2","14.3","0","0"
"92","NO ME INTERESA UN CRÉDITO","5","4.7","4","5.7","1","2.8","1","1.7","4","8.5","1","6.7","3","11.5","0","0","1","4.2","0","0","1","7.1","1","2.7","3","8.1","0","0","1","5.6","0","0","1","12.5","0","0","0","0","0","0","0","0","0","0","3","50","1","8.3","2","14.3","1","5","0","0","0","0","1","11.1","0","0","1","5.9","0","0","0","0","1","7.1","2","13.3"
"93","NO ME GUSTA EL BANCO","3","2.8","2","2.9","1","2.8","3","5.1","0","0","0","0","0","0","1","6.2","1","4.2","1","4","1","7.1","1","2.7","1","2.7","0","0","0","0","0","0","2","25","0","0","0","0","0","0","1","4","0","0","0","0","0","0","0","0","1","5","2","7.1","0","0","0","0","0","0","0","0","1","20","0","0","1","7.1","0","0"
"94","NO SOY SUJETO DE CRÉDITO","2","1.9","0","0","2","5.6","1","1.7","1","2.1","0","0","1","3.8","0","0","1","4.2","0","0","0","0","0","0","2","5.4","0","0","2","11.1","0","0","0","0","0","0","0","0","0","0","0","0","0","0","0","0","1","8.3","0","0","0","0","0","0","0","0","1","11.1","0","0","0","0","0","0","0","0","0","0","0","0"
"95","NO CUBRE MIS NECESIDADES","1","0.9","0","0","1","2.8","1","1.7","0","0","1","6.7","0","0","0","0","0","0","0","0","0","0","1","2.7","0","0","0","0","1","5.6","0","0","0","0","0","0","0","0","0","0","0","0","0","0","0","0","0","0","0","0","1","5","0","0","0","0","0","0","0","0","0","0","0","0","0","0","0","0","0","0"
"96","ES UN BANCO PARA GENTE RICA","3","2.8","0","0","3","8.3","2","3.4","1","2.1","0","0","0","0","0","0","2","8.3","1","4","1","7.1","0","0","2","5.4","0","0","0","0","0","0","0","0","3","25","0","0","0","0","0","0","0","0","0","0","0","0","0","0","0","0","1","3.6","1","4.3","1","11.1","0","0","0","0","0","0","0","0","0","0","0","0"
"97","POR LOS PLAZOS Y FRECUENCIA DE PAGOS","0","0","0","0","0","0","0","0","0","0","0","0","0","0","0","0","0","0","0","0","0","0","0","0","0","0","0","0","0","0","0","0","0","0","0","0","0","0","0","0","0","0","0","0","0","0","0","0","0","0","0","0","0","0","0","0","0","0","0","0","0","0","0","0","0","0","0","0","0","0"
"98","","94","88.7","61","87.1","33","91.7","55","93.2","39","83","15","100","21","80.8","13","81.2","23","95.8","22","88","12","85.7","33","89.2","33","89.2","16","88.9","16","88.9","2","100","7","87.5","10","83.3","22","91.7","3","60","22","88","6","100","6","100","11","91.7","14","100","18","90","25","89.3","17","73.9","9","100","10","90.9","14","82.4","5","100","6","75","12","85.7","14","93.3"
"99","Total","106","100","70","100","36","100","59","100","47","100","15","100","26","100","16","100","24","100","25","100","14","100","37","100","37","100","18","100","18","100","2","100","8","100","12","100","24","100","5","100","25","100","6","100","6","100","12","100","14","100","20","100","28","100","23","100","9","100","11","100","17","100","5","100","8","100","14","100","15","100"
"100",,,,,,,,,,,,,,,,,,,,,,,,,,,,,,,,,,,,,,,,,,,,,,,,,,,,,,,,,,,,,,,,,,,,,,,
"101","Santander","Total_Total_f","Total_Total_pct","A3_Sí (Bancarizado)_f","A3_Sí (Bancarizado)_pct","A3_No (No Bancarizado)_f","A3_No (No Bancarizado)_pct","F1Genero_Masculino_f","F1Genero_Masculino_pct","F1Genero_Femenino_f","F1Genero_Femenino_pct","NSE_C+_f","NSE_C+_pct","NSE_C_f","NSE_C_pct","NSE_C-_f","NSE_C-_pct","NSE_D+_f","NSE_D+_pct","NSE_D_f","NSE_D_pct","Edad.Rango_18 - 24 años_f","Edad.Rango_18 - 24 años_pct","Edad.Rango_25 - 34 años_f","Edad.Rango_25 - 34 años_pct","Edad.Rango_35 - 44 años_f","Edad.Rango_35 - 44 años_pct","Edad.Rango_45 - 55 años_f","Edad.Rango_45 - 55 años_pct","Plaza_Veracruz (Veracruz)_f","Plaza_Veracruz (Veracruz)_pct","Plaza_Chiapas (Ocozocoautla de espinosa)_f","Plaza_Chiapas (Ocozocoautla de espinosa)_pct","Plaza_Yucatan (Hunucma)_f","Plaza_Yucatan (Hunucma)_pct","Plaza_Ciudad de México (AMCM)_f","Plaza_Ciudad de México (AMCM)_pct","Plaza_Puebla (Tepeaca)_f","Plaza_Puebla (Tepeaca)_pct","Plaza_Jalisco (Ayotlan)_f","Plaza_Jalisco (Ayotlan)_pct","Plaza_Nuevo Leon (Monterrey)_f","Plaza_Nuevo Leon (Monterrey)_pct","Plaza_Sonora (Heroica de Caborca)_f","Plaza_Sonora (Heroica de Caborca)_pct","Plaza_Sinaloa (Angostura)_f","Plaza_Sinaloa (Angostura)_pct","cluster_1_f","cluster_1_pct","cluster_2_f","cluster_2_pct","cluster_3_f","cluster_3_pct","cluster_4_f","cluster_4_pct","cluster_5_f","cluster_5_pct","cluster_6_f","cluster_6_pct","clusterB_1_f","clusterB_1_pct","clusterB_2_f","clusterB_2_pct","clusterB_3_f","clusterB_3_pct","clusterB_4_f","clusterB_4_pct","clusterB_5_f","clusterB_5_pct","clusterB_6_f","clusterB_6_pct"
"102","LOS INTERESES SON ALTOS","22","40.7","17","43.6","5","33.3","9","40.9","13","40.6","6","66.7","3","25","3","42.9","3","30","7","43.8","4","23.5","7","43.8","7","53.8","4","50","1","25","8","53.3","0","0","6","66.7","1","50","1","50","3","37.5","2","25","0","0","4","28.6","1","50","1","33.3","3","33.3","9","60","4","36.4","4","57.1","9","60","2","25","2","40","0","0","0","0"
"103","NO ME DA CONFIANZA","4","7.4","4","10.3","0","0","2","9.1","2","6.2","2","22.2","0","0","1","14.3","1","10","0","0","2","11.8","0","0","2","15.4","0","0","1","25","0","0","0","0","0","0","0","0","2","100","0","0","1","12.5","0","0","0","0","1","50","0","0","1","11.1","2","13.3","0","0","3","42.9","0","0","0","0","1","20","0","0","0","0"
"104","FALTA INFORMACIÓN DEL BANCO","7","13","5","12.8","2","13.3","3","13.6","4","12.5","0","0","1","8.3","1","14.3","2","20","3","18.8","1","5.9","2","12.5","2","15.4","2","25","1","25","1","6.7","0","0","0","0","0","0","0","0","2","25","2","25","1","33.3","4","28.6","0","0","0","0","0","0","2","13.3","1","9.1","0","0","3","20","1","12.5","1","20","0","0","0","0"
"105","ME HAN DADO MALAS REFERENCIAS DEL BANCO","3","5.6","3","7.7","0","0","2","9.1","1","3.1","0","0","1","8.3","0","0","1","10","1","6.2","1","5.9","1","6.2","0","0","1","12.5","0","0","0","0","0","0","0","0","0","0","0","0","0","0","2","25","1","33.3","2","14.3","0","0","0","0","0","0","1","6.7","0","0","0","0","3","20","0","0","0","0","0","0","0","0"
"106","TIENE POCAS SUCURSALES/CAJEROS","5","9.3","2","5.1","3","20","2","9.1","3","9.4","0","0","2","16.7","0","0","2","20","1","6.2","2","11.8","2","12.5","1","7.7","0","0","0","0","0","0","2","66.7","0","0","0","0","0","0","2","25","0","0","1","33.3","1","7.1","0","0","0","0","1","11.1","2","13.3","1","9.1","0","0","0","0","0","0","1","20","0","0","1","50"
"107","MALA ATENCIÓN Y SERVICIO","12","22.2","8","20.5","4","26.7","4","18.2","8","25","3","33.3","4","33.3","2","28.6","1","10","2","12.5","5","29.4","3","18.8","3","23.1","1","12.5","1","25","4","26.7","0","0","3","33.3","1","50","0","0","2","25","1","12.5","0","0","2","14.3","0","0","1","33.3","4","44.4","2","13.3","3","27.3","2","28.6","1","6.7","2","25","1","20","1","50","1","50"
"108","NO SABE/NO CONTESTO","0","0","0","0","0","0","0","0","0","0","0","0","0","0","0","0","0","0","0","0","0","0","0","0","0","0","0","0","0","0","0","0","0","0","0","0","0","0","0","0","0","0","0","0","0","0","0","0","0","0","0","0","0","0","0","0","0","0","0","0","0","0","0","0","0","0","0","0","0","0"
"109","NO TENGO PROBLEMA, SI LO SOLICITARIA","1","1.9","0","0","1","6.7","1","4.5","0","0","0","0","1","8.3","0","0","0","0","0","0","1","5.9","0","0","0","0","0","0","0","0","0","0","0","0","1","11.1","0","0","0","0","0","0","0","0","0","0","1","7.1","0","0","0","0","0","0","0","0","0","0","0","0","0","0","0","0","0","0","0","0","0","0"
"110","COBRAN MUCHAS COMISIONES","1","1.9","1","2.6","0","0","1","4.5","0","0","1","11.1","0","0","0","0","0","0","0","0","0","0","1","6.2","0","0","0","0","0","0","1","6.7","0","0","0","0","0","0","0","0","0","0","0","0","0","0","0","0","0","0","0","0","0","0","0","0","1","9.1","0","0","0","0","1","12.5","0","0","0","0","0","0"
"111","PIDEN MUCHOS REQUISITOS","2","3.7","2","5.1","0","0","0","0","2","6.2","0","0","0","0","0","0","0","0","2","12.5","1","5.9","1","6.2","0","0","0","0","0","0","2","13.3","0","0","0","0","0","0","0","0","0","0","0","0","0","0","0","0","0","0","0","0","1","11.1","0","0","1","9.1","0","0","0","0","2","25","0","0","0","0","0","0"
"112","NO ME INTERESA UN CRÉDITO","2","3.7","1","2.6","1","6.7","1","4.5","1","3.1","1","11.1","0","0","0","0","0","0","1","6.2","1","5.9","0","0","0","0","1","12.5","0","0","1","6.7","0","0","0","0","0","0","0","0","0","0","1","12.5","0","0","0","0","1","50","0","0","0","0","0","0","1","9.1","0","0","0","0","0","0","1","20","0","0","0","0"
"113","NO ME GUSTA EL BANCO","1","1.9","1","2.6","0","0","0","0","1","3.1","0","0","0","0","1","14.3","0","0","0","0","1","5.9","0","0","0","0","0","0","0","0","1","6.7","0","0","0","0","0","0","0","0","0","0","0","0","0","0","0","0","0","0","0","0","0","0","0","0","1","9.1","0","0","0","0","1","12.5","0","0","0","0","0","0"
"114","NO SOY SUJETO DE CRÉDITO","0","0","0","0","0","0","0","0","0","0","0","0","0","0","0","0","0","0","0","0","0","0","0","0","0","0","0","0","0","0","0","0","0","0","0","0","0","0","0","0","0","0","0","0","0","0","0","0","0","0","0","0","0","0","0","0","0","0","0","0","0","0","0","0","0","0","0","0","0","0"
"115","NO CUBRE MIS NECESIDADES","1","1.9","1","2.6","0","0","1","4.5","0","0","0","0","1","8.3","0","0","0","0","0","0","0","0","0","0","1","7.7","0","0","0","0","0","0","1","33.3","0","0","0","0","0","0","0","0","0","0","0","0","0","0","0","0","1","33.3","0","0","0","0","0","0","0","0","0","0","0","0","0","0","1","50","0","0"
"116","ES UN BANCO PARA GENTE RICA","0","0","0","0","0","0","0","0","0","0","0","0","0","0","0","0","0","0","0","0","0","0","0","0","0","0","0","0","0","0","0","0","0","0","0","0","0","0","0","0","0","0","0","0","0","0","0","0","0","0","0","0","0","0","0","0","0","0","0","0","0","0","0","0","0","0","0","0","0","0"
"117","POR LOS PLAZOS Y FRECUENCIA DE PAGOS","0","0","0","0","0","0","0","0","0","0","0","0","0","0","0","0","0","0","0","0","0","0","0","0","0","0","0","0","0","0","0","0","0","0","0","0","0","0","0","0","0","0","0","0","0","0","0","0","0","0","0","0","0","0","0","0","0","0","0","0","0","0","0","0","0","0","0","0","0","0"
"118","","47","87","33","84.6","14","93.3","18","81.8","29","90.6","5","55.6","11","91.7","6","85.7","10","100","15","93.8","15","88.2","15","93.8","10","76.9","7","87.5","4","100","12","80","3","100","8","88.9","2","100","1","50","7","87.5","7","87.5","3","100","14","100","1","50","3","100","8","88.9","12","80","9","81.8","5","71.4","14","93.3","7","87.5","3","60","2","100","2","100"
"119","Total","54","100","39","100","15","100","22","100","32","100","9","100","12","100","7","100","10","100","16","100","17","100","16","100","13","100","8","100","4","100","15","100","3","100","9","100","2","100","2","100","8","100","8","100","3","100","14","100","2","100","3","100","9","100","15","100","11","100","7","100","15","100","8","100","5","100","2","100","2","100"
"120",,,,,,,,,,,,,,,,,,,,,,,,,,,,,,,,,,,,,,,,,,,,,,,,,,,,,,,,,,,,,,,,,,,,,,,
"121","Scotiabank","Total_Total_f","Total_Total_pct","A3_Sí (Bancarizado)_f","A3_Sí (Bancarizado)_pct","A3_No (No Bancarizado)_f","A3_No (No Bancarizado)_pct","F1Genero_Masculino_f","F1Genero_Masculino_pct","F1Genero_Femenino_f","F1Genero_Femenino_pct","NSE_C+_f","NSE_C+_pct","NSE_C_f","NSE_C_pct","NSE_C-_f","NSE_C-_pct","NSE_D+_f","NSE_D+_pct","NSE_D_f","NSE_D_pct","Edad.Rango_18 - 24 años_f","Edad.Rango_18 - 24 años_pct","Edad.Rango_25 - 34 años_f","Edad.Rango_25 - 34 años_pct","Edad.Rango_35 - 44 años_f","Edad.Rango_35 - 44 años_pct","Edad.Rango_45 - 55 años_f","Edad.Rango_45 - 55 años_pct","Plaza_Veracruz (Veracruz)_f","Plaza_Veracruz (Veracruz)_pct","Plaza_Chiapas (Ocozocoautla de espinosa)_f","Plaza_Chiapas (Ocozocoautla de espinosa)_pct","Plaza_Yucatan (Hunucma)_f","Plaza_Yucatan (Hunucma)_pct","Plaza_Ciudad de México (AMCM)_f","Plaza_Ciudad de México (AMCM)_pct","Plaza_Puebla (Tepeaca)_f","Plaza_Puebla (Tepeaca)_pct","Plaza_Jalisco (Ayotlan)_f","Plaza_Jalisco (Ayotlan)_pct","Plaza_Nuevo Leon (Monterrey)_f","Plaza_Nuevo Leon (Monterrey)_pct","Plaza_Sonora (Heroica de Caborca)_f","Plaza_Sonora (Heroica de Caborca)_pct","Plaza_Sinaloa (Angostura)_f","Plaza_Sinaloa (Angostura)_pct","cluster_1_f","cluster_1_pct","cluster_2_f","cluster_2_pct","cluster_3_f","cluster_3_pct","cluster_4_f","cluster_4_pct","cluster_5_f","cluster_5_pct","cluster_6_f","cluster_6_pct","clusterB_1_f","clusterB_1_pct","clusterB_2_f","clusterB_2_pct","clusterB_3_f","clusterB_3_pct","clusterB_4_f","clusterB_4_pct","clusterB_5_f","clusterB_5_pct","clusterB_6_f","clusterB_6_pct"
"122","LOS INTERESES SON ALTOS","23","22.5","19","26","4","13.8","13","23.2","10","21.7","5","26.3","7","30.4","5","21.7","4","17.4","2","14.3","3","12.5","5","16.7","9","32.1","6","30","1","11.1","3","20","3","21.4","7","53.8","1","25","0","0","1","6.7","6","33.3","1","12.5","1","9.1","3","23.1","2","40","6","18.2","8","34.8","3","17.6","3","23.1","2","15.4","6","28.6","5","50","2","40","1","9.1"
"123","NO ME DA CONFIANZA","11","10.8","6","8.2","5","17.2","7","12.5","4","8.7","3","15.8","2","8.7","1","4.3","4","17.4","1","7.1","5","20.8","3","10","1","3.6","2","10","2","22.2","1","6.7","0","0","1","7.7","0","0","0","0","7","46.7","0","0","0","0","1","9.1","0","0","0","0","7","21.2","2","8.7","1","5.9","2","15.4","1","7.7","1","4.8","1","10","0","0","1","9.1"
"124","FALTA INFORMACIÓN DEL BANCO","30","29.4","21","28.8","9","31","14","25","16","34.8","2","10.5","7","30.4","7","30.4","8","34.8","6","42.9","6","25","12","40","6","21.4","6","30","3","33.3","2","13.3","5","35.7","4","30.8","1","25","0","0","7","46.7","4","22.2","4","50","4","36.4","2","15.4","0","0","12","36.4","6","26.1","6","35.3","3","23.1","5","38.5","8","38.1","0","0","1","20","4","36.4"
"125","ME HAN DADO MALAS REFERENCIAS DEL BANCO","4","3.9","3","4.1","1","3.4","2","3.6","2","4.3","1","5.3","2","8.7","0","0","0","0","1","7.1","1","4.2","1","3.3","1","3.6","1","5","0","0","1","6.7","0","0","0","0","0","0","0","0","0","0","3","16.7","0","0","1","9.1","0","0","0","0","0","0","3","13","0","0","3","23.1","0","0","0","0","0","0","0","0","0","0"
"126","TIENE POCAS SUCURSALES/CAJEROS","22","21.6","16","21.9","6","20.7","11","19.6","11","23.9","5","26.3","5","21.7","4","17.4","7","30.4","1","7.1","8","33.3","5","16.7","6","21.4","3","15","3","33.3","4","26.7","4","28.6","0","0","2","50","5","83.3","3","20","1","5.6","0","0","5","45.5","2","15.4","1","20","6","18.2","3","13","5","29.4","2","15.4","6","46.2","5","23.8","0","0","1","20","2","18.2"
"127","MALA ATENCIÓN Y SERVICIO","5","4.9","5","6.8","0","0","4","7.1","1","2.2","3","15.8","0","0","1","4.3","1","4.3","0","0","1","4.2","2","6.7","0","0","2","10","0","0","2","13.3","1","7.1","0","0","0","0","1","16.7","1","6.7","0","0","0","0","0","0","1","7.7","0","0","4","12.1","0","0","0","0","0","0","0","0","2","9.5","0","0","0","0","3","27.3"
"128","NO SABE/NO CONTESTO","1","1","1","1.4","0","0","1","1.8","0","0","0","0","0","0","0","0","0","0","1","7.1","0","0","0","0","1","3.6","0","0","0","0","0","0","1","7.1","0","0","0","0","0","0","0","0","0","0","0","0","0","0","0","0","0","0","1","3","0","0","0","0","0","0","0","0","1","4.8","0","0","0","0","0","0"
"129","NO TENGO PROBLEMA, SI LO SOLICITARIA","0","0","0","0","0","0","0","0","0","0","0","0","0","0","0","0","0","0","0","0","0","0","0","0","0","0","0","0","0","0","0","0","0","0","0","0","0","0","0","0","0","0","0","0","0","0","0","0","0","0","0","0","0","0","0","0","0","0","0","0","0","0","0","0","0","0","0","0","0","0"
"130","COBRAN MUCHAS COMISIONES","1","1","1","1.4","0","0","1","1.8","0","0","0","0","1","4.3","0","0","0","0","0","0","0","0","0","0","0","0","1","5","0","0","0","0","0","0","0","0","1","25","0","0","0","0","0","0","0","0","0","0","0","0","1","20","0","0","0","0","0","0","0","0","0","0","0","0","0","0","1","20","0","0"
"131","PIDEN MUCHOS REQUISITOS","2","2","1","1.4","1","3.4","1","1.8","1","2.2","0","0","0","0","1","4.3","1","4.3","0","0","0","0","0","0","1","3.6","1","5","0","0","1","6.7","0","0","1","7.7","0","0","0","0","0","0","0","0","0","0","0","0","0","0","0","0","1","3","1","4.3","0","0","0","0","0","0","1","4.8","0","0","0","0","0","0"
"132","NO ME INTERESA UN CRÉDITO","6","5.9","3","4.1","3","10.3","3","5.4","3","6.5","1","5.3","3","13","2","8.7","0","0","0","0","1","4.2","3","10","2","7.1","0","0","0","0","1","6.7","1","7.1","0","0","0","0","0","0","0","0","2","11.1","2","25","0","0","3","23.1","1","20","1","3","0","0","1","5.9","0","0","0","0","0","0","2","20","0","0","1","9.1"
"133","NO ME GUSTA EL BANCO","1","1","1","1.4","0","0","1","1.8","0","0","0","0","0","0","0","0","0","0","1","7.1","0","0","0","0","1","3.6","0","0","0","0","0","0","0","0","0","0","0","0","0","0","0","0","0","0","1","12.5","0","0","1","7.7","0","0","0","0","0","0","0","0","0","0","0","0","0","0","0","0","0","0","1","9.1"
"134","NO SOY SUJETO DE CRÉDITO","2","2","2","2.7","0","0","1","1.8","1","2.2","0","0","0","0","1","4.3","0","0","1","7.1","1","4.2","0","0","1","3.6","0","0","0","0","0","0","0","0","0","0","0","0","0","0","0","0","2","11.1","0","0","0","0","2","15.4","0","0","0","0","0","0","0","0","0","0","0","0","0","0","2","20","0","0","0","0"
"135","NO CUBRE MIS NECESIDADES","0","0","0","0","0","0","0","0","0","0","0","0","0","0","0","0","0","0","0","0","0","0","0","0","0","0","0","0","0","0","0","0","0","0","0","0","0","0","0","0","0","0","0","0","0","0","0","0","0","0","0","0","0","0","0","0","0","0","0","0","0","0","0","0","0","0","0","0","0","0"
"136","ES UN BANCO PARA GENTE RICA","2","2","1","1.4","1","3.4","2","3.6","0","0","0","0","0","0","1","4.3","1","4.3","0","0","0","0","2","6.7","0","0","0","0","0","0","1","6.7","0","0","1","7.7","0","0","0","0","0","0","0","0","0","0","0","0","0","0","0","0","0","0","1","4.3","1","5.9","1","7.7","0","0","0","0","0","0","0","0","0","0"
"137","POR LOS PLAZOS Y FRECUENCIA DE PAGOS","0","0","0","0","0","0","0","0","0","0","0","0","0","0","0","0","0","0","0","0","0","0","0","0","0","0","0","0","0","0","0","0","0","0","0","0","0","0","0","0","0","0","0","0","0","0","0","0","0","0","0","0","0","0","0","0","0","0","0","0","0","0","0","0","0","0","0","0","0","0"
"138","","94","92.2","66","90.4","28","96.6","51","91.1","43","93.5","18","94.7","19","82.6","23","100","20","87","14","100","22","91.7","27","90","27","96.4","18","90","9","100","14","93.3","13","92.9","12","92.3","3","75","6","100","11","73.3","18","100","8","100","10","90.9","12","92.3","5","100","28","84.8","22","95.7","17","100","12","92.3","12","92.3","18","85.7","10","100","5","100","9","81.8"
"139","Total","102","100","73","100","29","100","56","100","46","100","19","100","23","100","23","100","23","100","14","100","24","100","30","100","28","100","20","100","9","100","15","100","14","100","13","100","4","100","6","100","15","100","18","100","8","100","11","100","13","100","5","100","33","100","23","100","17","100","13","100","13","100","21","100","10","100","5","100","11","100"
"140",,,,,,,,,,,,,,,,,,,,,,,,,,,,,,,,,,,,,,,,,,,,,,,,,,,,,,,,,,,,,,,,,,,,,,,
"141","Coppel","Total_Total_f","Total_Total_pct","A3_Sí (Bancarizado)_f","A3_Sí (Bancarizado)_pct","A3_No (No Bancarizado)_f","A3_No (No Bancarizado)_pct","F1Genero_Masculino_f","F1Genero_Masculino_pct","F1Genero_Femenino_f","F1Genero_Femenino_pct","NSE_C+_f","NSE_C+_pct","NSE_C_f","NSE_C_pct","NSE_C-_f","NSE_C-_pct","NSE_D+_f","NSE_D+_pct","NSE_D_f","NSE_D_pct","Edad.Rango_18 - 24 años_f","Edad.Rango_18 - 24 años_pct","Edad.Rango_25 - 34 años_f","Edad.Rango_25 - 34 años_pct","Edad.Rango_35 - 44 años_f","Edad.Rango_35 - 44 años_pct","Edad.Rango_45 - 55 años_f","Edad.Rango_45 - 55 años_pct","Plaza_Veracruz (Veracruz)_f","Plaza_Veracruz (Veracruz)_pct","Plaza_Chiapas (Ocozocoautla de espinosa)_f","Plaza_Chiapas (Ocozocoautla de espinosa)_pct","Plaza_Yucatan (Hunucma)_f","Plaza_Yucatan (Hunucma)_pct","Plaza_Ciudad de México (AMCM)_f","Plaza_Ciudad de México (AMCM)_pct","Plaza_Puebla (Tepeaca)_f","Plaza_Puebla (Tepeaca)_pct","Plaza_Jalisco (Ayotlan)_f","Plaza_Jalisco (Ayotlan)_pct","Plaza_Nuevo Leon (Monterrey)_f","Plaza_Nuevo Leon (Monterrey)_pct","Plaza_Sonora (Heroica de Caborca)_f","Plaza_Sonora (Heroica de Caborca)_pct","Plaza_Sinaloa (Angostura)_f","Plaza_Sinaloa (Angostura)_pct","cluster_1_f","cluster_1_pct","cluster_2_f","cluster_2_pct","cluster_3_f","cluster_3_pct","cluster_4_f","cluster_4_pct","cluster_5_f","cluster_5_pct","cluster_6_f","cluster_6_pct","clusterB_1_f","clusterB_1_pct","clusterB_2_f","clusterB_2_pct","clusterB_3_f","clusterB_3_pct","clusterB_4_f","clusterB_4_pct","clusterB_5_f","clusterB_5_pct","clusterB_6_f","clusterB_6_pct"
"142","LOS INTERESES SON ALTOS","97","47.3","65","47.1","32","47.8","46","49.5","51","45.5","20","44.4","21","51.2","18","45","16","50","22","46.8","28","56","27","44.3","20","41.7","22","47.8","13","34.2","9","37.5","10","58.8","8","27.6","14","70","9","75","4","21.1","23","74.2","7","46.7","17","58.6","17","54.8","14","53.8","18","38.3","14","41.2","17","44.7","7","31.8","14","53.8","18","43.9","13","68.4","7","50","6","37.5"
"143","NO ME DA CONFIANZA","28","13.7","19","13.8","9","13.4","12","12.9","16","14.3","7","15.6","9","22","5","12.5","4","12.5","3","6.4","7","14","8","13.1","8","16.7","5","10.9","7","18.4","2","8.3","2","11.8","10","34.5","0","0","1","8.3","6","31.6","0","0","0","0","6","20.7","2","6.5","2","7.7","10","21.3","7","20.6","1","2.6","5","22.7","4","15.4","4","9.8","1","5.3","3","21.4","2","12.5"
"144","FALTA INFORMACIÓN DEL BANCO","4","2","3","2.2","1","1.5","0","0","4","3.6","1","2.2","0","0","1","2.5","1","3.1","1","2.1","1","2","1","1.6","0","0","2","4.3","1","2.6","1","4.2","0","0","2","6.9","0","0","0","0","0","0","0","0","0","0","0","0","0","0","0","0","1","2.1","2","5.9","1","2.6","1","4.5","1","3.8","0","0","0","0","1","7.1","0","0"
"145","ME HAN DADO MALAS REFERENCIAS DEL BANCO","4","2","1","0.7","3","4.5","3","3.2","1","0.9","0","0","0","0","1","2.5","1","3.1","2","4.3","0","0","1","1.6","0","0","3","6.5","0","0","0","0","1","5.9","1","3.4","0","0","0","0","0","0","2","6.5","0","0","1","3.4","0","0","0","0","1","2.1","1","2.9","1","2.6","0","0","1","3.8","0","0","0","0","0","0","0","0"
"146","TIENE POCAS SUCURSALES/CAJEROS","10","4.9","6","4.3","4","6","5","5.4","5","4.5","1","2.2","5","12.2","1","2.5","1","3.1","2","4.3","3","6","5","8.2","1","2.1","1","2.2","0","0","5","20.8","1","5.9","2","6.9","0","0","0","0","2","10.5","0","0","0","0","0","0","0","0","0","0","5","10.6","0","0","5","13.2","0","0","0","0","6","14.6","0","0","0","0","0","0"
"147","MALA ATENCIÓN Y SERVICIO","29","14.1","22","15.9","7","10.4","13","14","16","14.3","7","15.6","3","7.3","6","15","5","15.6","8","17","4","8","7","11.5","13","27.1","5","10.9","6","15.8","5","20.8","1","5.9","4","13.8","2","10","1","8.3","5","26.3","3","9.7","2","13.3","2","6.9","4","12.9","4","15.4","5","10.6","7","20.6","7","18.4","4","18.2","6","23.1","7","17.1","3","15.8","0","0","2","12.5"
"148","NO SABE/NO CONTESTO","1","0.5","1","0.7","0","0","0","0","1","0.9","0","0","0","0","0","0","1","3.1","0","0","1","2","0","0","0","0","0","0","0","0","0","0","0","0","1","3.4","0","0","0","0","0","0","0","0","0","0","1","3.4","0","0","0","0","0","0","0","0","0","0","0","0","1","3.8","0","0","0","0","0","0","0","0"
"149","NO TENGO PROBLEMA, SI LO SOLICITARIA","1","0.5","0","0","1","1.5","0","0","1","0.9","0","0","0","0","1","2.5","0","0","0","0","0","0","1","1.6","0","0","0","0","1","2.6","0","0","0","0","0","0","0","0","0","0","0","0","0","0","0","0","0","0","0","0","0","0","1","2.1","0","0","0","0","0","0","0","0","0","0","0","0","0","0","0","0"
"150","COBRAN MUCHAS COMISIONES","0","0","0","0","0","0","0","0","0","0","0","0","0","0","0","0","0","0","0","0","0","0","0","0","0","0","0","0","0","0","0","0","0","0","0","0","0","0","0","0","0","0","0","0","0","0","0","0","0","0","0","0","0","0","0","0","0","0","0","0","0","0","0","0","0","0","0","0","0","0"
"151","PIDEN MUCHOS REQUISITOS","7","3.4","4","2.9","3","4.5","3","3.2","4","3.6","2","4.4","0","0","1","2.5","0","0","4","8.5","1","2","3","4.9","1","2.1","2","4.3","5","13.2","1","4.2","0","0","0","0","0","0","0","0","0","0","0","0","1","6.7","1","3.4","0","0","0","0","4","8.5","0","0","2","5.3","0","0","0","0","3","7.3","0","0","1","7.1","0","0"
"152","NO ME INTERESA UN CRÉDITO","10","4.9","10","7.2","0","0","5","5.4","5","4.5","1","2.2","4","9.8","0","0","2","6.2","3","6.4","1","2","4","6.6","3","6.2","2","4.3","0","0","1","4.2","2","11.8","1","3.4","2","10","0","0","0","0","1","3.2","3","20","0","0","6","19.4","1","3.8","1","2.1","0","0","2","5.3","0","0","0","0","2","4.9","2","10.5","0","0","6","37.5"
"153","NO ME GUSTA EL BANCO","12","5.9","8","5.8","4","6","3","3.2","9","8","2","4.4","4","9.8","3","7.5","2","6.2","1","2.1","5","10","3","4.9","3","6.2","1","2.2","2","5.3","0","0","1","5.9","3","10.3","2","10","0","0","2","10.5","0","0","2","13.3","1","3.4","2","6.5","3","11.5","1","2.1","4","11.8","1","2.6","3","13.6","1","3.8","2","4.9","0","0","1","7.1","1","6.2"
"154","NO SOY SUJETO DE CRÉDITO","6","2.9","4","2.9","2","3","1","1.1","5","4.5","1","2.2","0","0","1","2.5","2","6.2","2","4.3","2","4","1","1.6","0","0","3","6.5","1","2.6","2","8.3","0","0","0","0","0","0","0","0","1","5.3","2","6.5","0","0","2","6.9","0","0","0","0","2","4.3","0","0","2","5.3","0","0","1","3.8","3","7.3","0","0","0","0","0","0"
"155","NO CUBRE MIS NECESIDADES","4","2","3","2.2","1","1.5","2","2.2","2","1.8","2","4.4","1","2.4","1","2.5","0","0","0","0","0","0","1","1.6","1","2.1","2","4.3","2","5.3","0","0","0","0","0","0","1","5","1","8.3","0","0","0","0","0","0","0","0","0","0","2","7.7","1","2.1","1","2.9","0","0","2","9.1","0","0","0","0","0","0","1","7.1","0","0"
"156","ES UN BANCO PARA GENTE RICA","0","0","0","0","0","0","0","0","0","0","0","0","0","0","0","0","0","0","0","0","0","0","0","0","0","0","0","0","0","0","0","0","0","0","0","0","0","0","0","0","0","0","0","0","0","0","0","0","0","0","0","0","0","0","0","0","0","0","0","0","0","0","0","0","0","0","0","0","0","0"
"157","POR LOS PLAZOS Y FRECUENCIA DE PAGOS","2","1","1","0.7","1","1.5","1","1.1","1","0.9","1","2.2","0","0","1","2.5","0","0","0","0","0","0","2","3.3","0","0","0","0","0","0","0","0","0","0","0","0","0","0","0","0","0","0","2","6.5","0","0","0","0","2","6.5","0","0","0","0","0","0","0","0","0","0","0","0","0","0","1","5.3","0","0","0","0"
"158","","195","95.1","129","93.5","66","98.5","92","98.9","103","92","45","100","35","85.4","40","100","29","90.6","46","97.9","47","94","58","95.1","46","95.8","44","95.7","38","100","22","91.7","16","94.1","26","89.7","19","95","12","100","18","94.7","29","93.5","15","100","27","93.1","29","93.5","26","100","44","93.6","32","94.1","37","97.4","22","100","23","88.5","37","90.2","18","94.7","14","100","15","93.8"
"159","Total","205","100","138","100","67","100","93","100","112","100","45","100","41","100","40","100","32","100","47","100","50","100","61","100","48","100","46","100","38","100","24","100","17","100","29","100","20","100","12","100","19","100","31","100","15","100","29","100","31","100","26","100","47","100","34","100","38","100","22","100","26","100","41","100","19","100","14","100","16","100"
"160",,,,,,,,,,,,,,,,,,,,,,,,,,,,,,,,,,,,,,,,,,,,,,,,,,,,,,,,,,,,,,,,,,,,,,,
"161","Famsa","Total_Total_f","Total_Total_pct","A3_Sí (Bancarizado)_f","A3_Sí (Bancarizado)_pct","A3_No (No Bancarizado)_f","A3_No (No Bancarizado)_pct","F1Genero_Masculino_f","F1Genero_Masculino_pct","F1Genero_Femenino_f","F1Genero_Femenino_pct","NSE_C+_f","NSE_C+_pct","NSE_C_f","NSE_C_pct","NSE_C-_f","NSE_C-_pct","NSE_D+_f","NSE_D+_pct","NSE_D_f","NSE_D_pct","Edad.Rango_18 - 24 años_f","Edad.Rango_18 - 24 años_pct","Edad.Rango_25 - 34 años_f","Edad.Rango_25 - 34 años_pct","Edad.Rango_35 - 44 años_f","Edad.Rango_35 - 44 años_pct","Edad.Rango_45 - 55 años_f","Edad.Rango_45 - 55 años_pct","Plaza_Veracruz (Veracruz)_f","Plaza_Veracruz (Veracruz)_pct","Plaza_Chiapas (Ocozocoautla de espinosa)_f","Plaza_Chiapas (Ocozocoautla de espinosa)_pct","Plaza_Yucatan (Hunucma)_f","Plaza_Yucatan (Hunucma)_pct","Plaza_Ciudad de México (AMCM)_f","Plaza_Ciudad de México (AMCM)_pct","Plaza_Puebla (Tepeaca)_f","Plaza_Puebla (Tepeaca)_pct","Plaza_Jalisco (Ayotlan)_f","Plaza_Jalisco (Ayotlan)_pct","Plaza_Nuevo Leon (Monterrey)_f","Plaza_Nuevo Leon (Monterrey)_pct","Plaza_Sonora (Heroica de Caborca)_f","Plaza_Sonora (Heroica de Caborca)_pct","Plaza_Sinaloa (Angostura)_f","Plaza_Sinaloa (Angostura)_pct","cluster_1_f","cluster_1_pct","cluster_2_f","cluster_2_pct","cluster_3_f","cluster_3_pct","cluster_4_f","cluster_4_pct","cluster_5_f","cluster_5_pct","cluster_6_f","cluster_6_pct","clusterB_1_f","clusterB_1_pct","clusterB_2_f","clusterB_2_pct","clusterB_3_f","clusterB_3_pct","clusterB_4_f","clusterB_4_pct","clusterB_5_f","clusterB_5_pct","clusterB_6_f","clusterB_6_pct"
"162","LOS INTERESES SON ALTOS","41","27.9","30","28.3","11","26.8","23","30.3","18","25.4","8","25.8","11","30.6","10","30.3","9","34.6","3","14.3","8","22.2","15","31.2","13","32.5","5","21.7","2","8.7","2","18.2","11","57.9","6","18.2","2","33.3","0","0","5","31.2","0","0","13","65","5","27.8","11","61.1","3","23.1","7","15.6","11","30.6","4","23.5","5","22.7","10","37","6","37.5","3","30","2","10.5","4","33.3"
"163","NO ME DA CONFIANZA","35","23.8","28","26.4","7","17.1","21","27.6","14","19.7","10","32.3","8","22.2","7","21.2","6","23.1","4","19","9","25","11","22.9","6","15","9","39.1","7","30.4","1","9.1","4","21.1","13","39.4","2","33.3","2","18.2","5","31.2","1","12.5","0","0","3","16.7","1","5.6","2","15.4","13","28.9","10","27.8","6","35.3","6","27.3","5","18.5","6","37.5","4","40","4","21.1","3","25"
"164","FALTA INFORMACIÓN DEL BANCO","21","14.3","11","10.4","10","24.4","9","11.8","12","16.9","3","9.7","5","13.9","2","6.1","6","23.1","5","23.8","8","22.2","5","10.4","5","12.5","3","13","6","26.1","3","27.3","1","5.3","6","18.2","0","0","3","27.3","0","0","2","25","0","0","2","11.1","1","5.6","2","15.4","10","22.2","2","5.6","4","23.5","3","13.6","1","3.7","1","6.2","0","0","5","26.3","1","8.3"
"165","ME HAN DADO MALAS REFERENCIAS DEL BANCO","4","2.7","2","1.9","2","4.9","2","2.6","2","2.8","0","0","2","5.6","1","3","0","0","1","4.8","1","2.8","1","2.1","2","5","0","0","0","0","0","0","1","5.3","1","3","0","0","0","0","2","12.5","0","0","0","0","0","0","0","0","0","0","0","0","3","8.3","1","5.9","0","0","1","3.7","0","0","1","10","0","0","0","0"
"166","TIENE POCAS SUCURSALES/CAJEROS","14","9.5","12","11.3","2","4.9","5","6.6","9","12.7","4","12.9","3","8.3","4","12.1","1","3.8","2","9.5","1","2.8","7","14.6","3","7.5","3","13","0","0","4","36.4","0","0","4","12.1","0","0","4","36.4","0","0","2","25","0","0","2","11.1","2","11.1","1","7.7","6","13.3","2","5.6","1","5.9","2","9.1","1","3.7","2","12.5","1","10","4","21.1","2","16.7"
"167","MALA ATENCIÓN Y SERVICIO","16","10.9","14","13.2","2","4.9","7","9.2","9","12.7","1","3.2","2","5.6","8","24.2","1","3.8","4","19","3","8.3","4","8.3","7","17.5","2","8.7","1","4.3","0","0","2","10.5","1","3","0","0","2","18.2","4","25","0","0","6","30","2","11.1","1","5.6","1","7.7","4","8.9","7","19.4","1","5.9","3","13.6","7","25.9","1","6.2","0","0","1","5.3","2","16.7"
"168","NO SABE/NO CONTESTO","6","4.1","6","5.7","0","0","2","2.6","4","5.6","0","0","3","8.3","1","3","0","0","2","9.5","1","2.8","3","6.2","1","2.5","1","4.3","0","0","1","9.1","0","0","4","12.1","0","0","0","0","1","6.2","0","0","0","0","2","11.1","0","0","1","7.7","1","2.2","2","5.6","0","0","1","4.5","3","11.1","1","6.2","0","0","1","5.3","0","0"
"169","NO TENGO PROBLEMA, SI LO SOLICITARIA","0","0","0","0","0","0","0","0","0","0","0","0","0","0","0","0","0","0","0","0","0","0","0","0","0","0","0","0","0","0","0","0","0","0","0","0","0","0","0","0","0","0","0","0","0","0","0","0","0","0","0","0","0","0","0","0","0","0","0","0","0","0","0","0","0","0","0","0","0","0"
"170","COBRAN MUCHAS COMISIONES","0","0","0","0","0","0","0","0","0","0","0","0","0","0","0","0","0","0","0","0","0","0","0","0","0","0","0","0","0","0","0","0","0","0","0","0","0","0","0","0","0","0","0","0","0","0","0","0","0","0","0","0","0","0","0","0","0","0","0","0","0","0","0","0","0","0","0","0","0","0"
"171","PIDEN MUCHOS REQUISITOS","6","4.1","3","2.8","3","7.3","4","5.3","2","2.8","1","3.2","1","2.8","1","3","2","7.7","1","4.8","2","5.6","3","6.2","1","2.5","0","0","1","4.3","0","0","3","15.8","0","0","0","0","0","0","0","0","1","12.5","1","5","1","5.6","1","5.6","0","0","3","6.7","0","0","1","5.9","0","0","1","3.7","2","12.5","0","0","0","0","0","0"
"172","NO ME INTERESA UN CRÉDITO","9","6.1","6","5.7","3","7.3","7","9.2","2","2.8","3","9.7","3","8.3","1","3","1","3.8","1","4.8","3","8.3","2","4.2","2","5","2","8.7","2","8.7","1","9.1","0","0","1","3","2","33.3","1","9.1","1","6.2","0","0","1","5","0","0","2","11.1","4","30.8","2","4.4","1","2.8","0","0","2","9.1","0","0","0","0","1","10","3","15.8","0","0"
"173","NO ME GUSTA EL BANCO","3","2","1","0.9","2","4.9","0","0","3","4.2","1","3.2","0","0","1","3","1","3.8","0","0","1","2.8","1","2.1","1","2.5","0","0","0","0","0","0","1","5.3","1","3","0","0","0","0","0","0","1","12.5","0","0","2","11.1","0","0","0","0","1","2.2","0","0","0","0","0","0","0","0","0","0","0","0","0","0","1","8.3"
"174","NO SOY SUJETO DE CRÉDITO","0","0","0","0","0","0","0","0","0","0","0","0","0","0","0","0","0","0","0","0","0","0","0","0","0","0","0","0","0","0","0","0","0","0","0","0","0","0","0","0","0","0","0","0","0","0","0","0","0","0","0","0","0","0","0","0","0","0","0","0","0","0","0","0","0","0","0","0","0","0"
"175","NO CUBRE MIS NECESIDADES","3","2","2","1.9","1","2.4","1","1.3","2","2.8","1","3.2","2","5.6","0","0","0","0","0","0","1","2.8","1","2.1","1","2.5","0","0","2","8.7","0","0","0","0","0","0","0","0","0","0","0","0","1","12.5","0","0","0","0","0","0","0","0","1","2.2","1","2.8","1","5.9","1","4.5","1","3.7","0","0","0","0","0","0","0","0"
"176","ES UN BANCO PARA GENTE RICA","0","0","0","0","0","0","0","0","0","0","0","0","0","0","0","0","0","0","0","0","0","0","0","0","0","0","0","0","0","0","0","0","0","0","0","0","0","0","0","0","0","0","0","0","0","0","0","0","0","0","0","0","0","0","0","0","0","0","0","0","0","0","0","0","0","0","0","0","0","0"
"177","POR LOS PLAZOS Y FRECUENCIA DE PAGOS","2","1.4","2","1.9","0","0","2","2.6","0","0","1","3.2","0","0","1","3","0","0","0","0","0","0","1","2.1","0","0","1","4.3","2","8.7","0","0","0","0","0","0","0","0","0","0","0","0","0","0","0","0","0","0","0","0","0","0","2","4.4","0","0","0","0","2","9.1","0","0","0","0","0","0","0","0","0","0"
"178","","134","91.2","95","89.6","39","95.1","69","90.8","65","91.5","29","93.5","32","88.9","29","87.9","25","96.2","19","90.5","34","94.4","42","87.5","38","95","20","87","23","100","10","90.9","15","78.9","29","87.9","6","100","10","90.9","14","87.5","8","100","19","95","17","94.4","17","94.4","12","92.3","40","88.9","33","91.7","15","88.2","19","86.4","24","88.9","13","81.2","10","100","18","94.7","11","91.7"
"179","Total","147","100","106","100","41","100","76","100","71","100","31","100","36","100","33","100","26","100","21","100","36","100","48","100","40","100","23","100","23","100","11","100","19","100","33","100","6","100","11","100","16","100","8","100","20","100","18","100","18","100","13","100","45","100","36","100","17","100","22","100","27","100","16","100","10","100","19","100","12","100"
"180",,,,,,,,,,,,,,,,,,,,,,,,,,,,,,,,,,,,,,,,,,,,,,,,,,,,,,,,,,,,,,,,,,,,,,,
"181","Otros (Especif)","Total_Total_f","Total_Total_pct","A3_Sí (Bancarizado)_f","A3_Sí (Bancarizado)_pct","A3_No (No Bancarizado)_f","A3_No (No Bancarizado)_pct","F1Genero_Masculino_f","F1Genero_Masculino_pct","F1Genero_Femenino_f","F1Genero_Femenino_pct","NSE_C+_f","NSE_C+_pct","NSE_C_f","NSE_C_pct","NSE_C-_f","NSE_C-_pct","NSE_D+_f","NSE_D+_pct","NSE_D_f","NSE_D_pct","Edad.Rango_18 - 24 años_f","Edad.Rango_18 - 24 años_pct","Edad.Rango_25 - 34 años_f","Edad.Rango_25 - 34 años_pct","Edad.Rango_35 - 44 años_f","Edad.Rango_35 - 44 años_pct","Edad.Rango_45 - 55 años_f","Edad.Rango_45 - 55 años_pct","Plaza_Veracruz (Veracruz)_f","Plaza_Veracruz (Veracruz)_pct","Plaza_Chiapas (Ocozocoautla de espinosa)_f","Plaza_Chiapas (Ocozocoautla de espinosa)_pct","Plaza_Yucatan (Hunucma)_f","Plaza_Yucatan (Hunucma)_pct","Plaza_Ciudad de México (AMCM)_f","Plaza_Ciudad de México (AMCM)_pct","Plaza_Puebla (Tepeaca)_f","Plaza_Puebla (Tepeaca)_pct","Plaza_Jalisco (Ayotlan)_f","Plaza_Jalisco (Ayotlan)_pct","Plaza_Nuevo Leon (Monterrey)_f","Plaza_Nuevo Leon (Monterrey)_pct","Plaza_Sonora (Heroica de Caborca)_f","Plaza_Sonora (Heroica de Caborca)_pct","Plaza_Sinaloa (Angostura)_f","Plaza_Sinaloa (Angostura)_pct","cluster_1_f","cluster_1_pct","cluster_2_f","cluster_2_pct","cluster_3_f","cluster_3_pct","cluster_4_f","cluster_4_pct","cluster_5_f","cluster_5_pct","cluster_6_f","cluster_6_pct","clusterB_1_f","clusterB_1_pct","clusterB_2_f","clusterB_2_pct","clusterB_3_f","clusterB_3_pct","clusterB_4_f","clusterB_4_pct","clusterB_5_f","clusterB_5_pct","clusterB_6_f","clusterB_6_pct"
"182","LOS INTERESES SON ALTOS","41","25.3","22","22.4","19","29.7","21","24.7","20","26","7","26.9","12","33.3","7","23.3","4","14.3","11","26.2","11","28.9","7","18.4","11","26.2","12","27.3","3","15.8","6","46.2","0","0","10","23.8","3","15.8","1","6.2","3","17.6","9","64.3","6","33.3","15","32.6","2","33.3","2","6.2","5","19.2","9","29","8","38.1","4","33.3","11","29.7","4","22.2","2","33.3","1","6.2","0","0"
"183","NO ME DA CONFIANZA","8","4.9","5","5.1","3","4.7","4","4.7","4","5.2","1","3.8","3","8.3","1","3.3","0","0","3","7.1","2","5.3","4","10.5","1","2.4","1","2.3","2","10.5","1","7.7","1","25","1","2.4","2","10.5","0","0","1","5.9","0","0","0","0","2","4.3","0","0","1","3.1","3","11.5","0","0","2","9.5","2","16.7","1","2.7","2","11.1","0","0","0","0","0","0"
"184","FALTA INFORMACIÓN DEL BANCO","11","6.8","7","7.1","4","6.2","4","4.7","7","9.1","1","3.8","2","5.6","3","10","0","0","5","11.9","3","7.9","4","10.5","2","4.8","2","4.5","2","10.5","0","0","0","0","6","14.3","0","0","0","0","2","11.8","1","7.1","0","0","4","8.7","1","16.7","2","6.2","1","3.8","0","0","3","14.3","1","8.3","3","8.1","2","11.1","0","0","0","0","1","11.1"
"185","ME HAN DADO MALAS REFERENCIAS DEL BANCO","2","1.2","1","1","1","1.6","1","1.2","1","1.3","0","0","0","0","1","3.3","0","0","1","2.4","1","2.6","0","0","0","0","1","2.3","0","0","0","0","0","0","1","2.4","1","5.3","0","0","0","0","0","0","0","0","1","2.2","0","0","1","3.1","0","0","0","0","0","0","0","0","0","0","0","0","0","0","1","6.2","0","0"
"186","TIENE POCAS SUCURSALES/CAJEROS","1","0.6","0","0","1","1.6","1","1.2","0","0","0","0","0","0","0","0","1","3.6","0","0","0","0","1","2.6","0","0","0","0","0","0","0","0","0","0","0","0","0","0","0","0","1","5.9","0","0","0","0","0","0","0","0","0","0","1","3.8","0","0","0","0","0","0","0","0","0","0","0","0","0","0","0","0"
"187","MALA ATENCIÓN Y SERVICIO","5","3.1","4","4.1","1","1.6","3","3.5","2","2.6","1","3.8","2","5.6","1","3.3","0","0","1","2.4","0","0","1","2.6","2","4.8","2","4.5","0","0","1","7.7","1","25","0","0","0","0","0","0","2","11.8","0","0","1","5.6","2","4.3","0","0","0","0","2","7.7","1","3.2","0","0","1","8.3","1","2.7","0","0","0","0","0","0","2","22.2"
"188","NO SABE/NO CONTESTO","36","22.2","22","22.4","14","21.9","19","22.4","17","22.1","6","23.1","4","11.1","6","20","8","28.6","12","28.6","9","23.7","8","21.1","10","23.8","9","20.5","7","36.8","0","0","0","0","13","31","0","0","9","56.2","6","35.3","0","0","1","5.6","9","19.6","3","50","8","25","4","15.4","9","29","3","14.3","0","0","8","21.6","4","22.2","4","66.7","3","18.8","3","33.3"
"189","NO TENGO PROBLEMA, SI LO SOLICITARIA","15","9.3","12","12.2","3","4.7","10","11.8","5","6.5","2","7.7","2","5.6","3","10","5","17.9","3","7.1","2","5.3","3","7.9","8","19","2","4.5","1","5.3","0","0","0","0","4","9.5","1","5.3","5","31.2","0","0","0","0","4","22.2","4","8.7","0","0","3","9.4","4","15.4","4","12.9","0","0","1","8.3","6","16.2","4","22.2","0","0","0","0","1","11.1"
"190","COBRAN MUCHAS COMISIONES","0","0","0","0","0","0","0","0","0","0","0","0","0","0","0","0","0","0","0","0","0","0","0","0","0","0","0","0","0","0","0","0","0","0","0","0","0","0","0","0","0","0","0","0","0","0","0","0","0","0","0","0","0","0","0","0","0","0","0","0","0","0","0","0","0","0","0","0","0","0"
"191","PIDEN MUCHOS REQUISITOS","3","1.9","3","3.1","0","0","2","2.4","1","1.3","0","0","1","2.8","0","0","1","3.6","1","2.4","1","2.6","0","0","1","2.4","1","2.3","0","0","1","7.7","2","50","0","0","0","0","0","0","0","0","0","0","0","0","0","0","0","0","2","6.2","0","0","0","0","1","4.8","0","0","0","0","1","5.6","0","0","2","12.5","0","0"
"192","NO ME INTERESA UN CRÉDITO","32","19.8","17","17.3","15","23.4","17","20","15","19.5","8","30.8","6","16.7","7","23.3","6","21.4","5","11.9","8","21.1","8","21.1","6","14.3","10","22.7","2","10.5","5","38.5","0","0","6","14.3","9","47.4","0","0","1","5.9","3","21.4","6","33.3","7","15.2","0","0","11","34.4","4","15.4","6","19.4","4","19","2","16.7","5","13.5","2","11.1","0","0","6","37.5","2","22.2"
"193","NO ME GUSTA EL BANCO","6","3.7","4","4.1","2","3.1","3","3.5","3","3.9","0","0","2","5.6","1","3.3","1","3.6","2","4.8","0","0","1","2.6","1","2.4","4","9.1","2","10.5","0","0","0","0","0","0","3","15.8","1","6.2","0","0","0","0","0","0","0","0","0","0","2","6.2","2","7.7","1","3.2","1","4.8","1","8.3","0","0","0","0","0","0","3","18.8","0","0"
"194","NO SOY SUJETO DE CRÉDITO","4","2.5","1","1","3","4.7","3","3.5","1","1.3","0","0","4","11.1","0","0","0","0","0","0","1","2.6","1","2.6","0","0","2","4.5","0","0","0","0","0","0","1","2.4","2","10.5","0","0","0","0","1","7.1","0","0","1","2.2","0","0","2","6.2","0","0","1","3.2","0","0","0","0","0","0","0","0","0","0","1","6.2","0","0"
"195","NO CUBRE MIS NECESIDADES","2","1.2","2","2","0","0","0","0","2","2.6","0","0","0","0","0","0","2","7.1","0","0","0","0","1","2.6","1","2.4","0","0","0","0","0","0","0","0","1","2.4","0","0","0","0","1","5.9","0","0","0","0","2","4.3","0","0","0","0","0","0","0","0","0","0","0","0","2","5.4","0","0","0","0","0","0","0","0"
"196","ES UN BANCO PARA GENTE RICA","0","0","0","0","0","0","0","0","0","0","0","0","0","0","0","0","0","0","0","0","0","0","0","0","0","0","0","0","0","0","0","0","0","0","0","0","0","0","0","0","0","0","0","0","0","0","0","0","0","0","0","0","0","0","0","0","0","0","0","0","0","0","0","0","0","0","0","0","0","0"
"197","POR LOS PLAZOS Y FRECUENCIA DE PAGOS","0","0","0","0","0","0","0","0","0","0","0","0","0","0","0","0","0","0","0","0","0","0","0","0","0","0","0","0","0","0","0","0","0","0","0","0","0","0","0","0","0","0","0","0","0","0","0","0","0","0","0","0","0","0","0","0","0","0","0","0","0","0","0","0","0","0","0","0","0","0"
"198","","158","97.5","96","98","62","96.9","82","96.5","76","98.7","26","100","34","94.4","30","100","28","100","40","95.2","38","100","37","97.4","41","97.6","42","95.5","19","100","12","92.3","4","100","41","97.6","17","89.5","16","100","17","100","14","100","18","100","45","97.8","6","100","30","93.8","26","100","31","100","20","95.2","12","100","37","100","17","94.4","6","100","15","93.8","9","100"
"199","Total","162","100","98","100","64","100","85","100","77","100","26","100","36","100","30","100","28","100","42","100","38","100","38","100","42","100","44","100","19","100","13","100","4","100","42","100","19","100","16","100","17","100","14","100","18","100","46","100","6","100","32","100","26","100","31","100","21","100","12","100","37","100","18","100","6","100","16","100","9","100"
"200",,,,,,,,,,,,,,,,,,,,,,,,,,,,,,,,,,,,,,,,,,,,,,,,,,,,,,,,,,,,,,,,,,,,,,,
